排名,代號,名稱,市場,股本(億),市值(億),上市年數,產業別,董事長
1,2330,台積電,上市,2593,37728,20.7,半導體業,張忠謀
2,2317,鴻海,上市,1479,14276,23.9,其他電子業,郭台銘
3,2412,中華電,上市,776,7618,14.6,通信網路業,蔡力行
4,6505,台塑化,上市,953,7487,11.4,油電燃氣業,陳郎
5,2882,國泰金,上市,1256,6759,13.4,金控業,蔡宏圖
6,2454,聯發科,上市,157,6443,13.8,半導體業,蔡明介
7,2881,富邦金,上市,1023,6427,13.4,金控業,蔡明忠
8,1303,南亞,上市,793,5829,47.5,塑膠工業,吳嘉昭
9,1301,台塑,上市,637,4927,50.8,塑膠工業,李志村
10,3008,大立光,上市,13.4,4641,13.2,光電業,林恩舟
11,1326,台化,上市,586,4595,30.4,塑膠工業,王文淵
12,2308,台達電,上市,244,4156,26.4,電子零組件業,海英俊
13,2002,中鋼,上市,1577,4022,40.4,鋼鐵工業,鄒若齊
14,3045,台灣大,上市,342,3643,12.7,通信網路業,蔡明興
15,2891,中信金,上市,1526,3494,13,金控業,顏文隆
16,2311,日月光,上市,789,3392,25.8,半導體業,張虔生
17,2886,兆豐金,上市,1245,3355,13.3,金控業,蔡友才
18,2382,廣達,上市,386,3028,16.4,電腦及週邊設備業,林百里
19,1216,統一,上市,546,2956,27.4,食品工業,羅智先
20,2474,可成,上市,77,2719,13.7,其他電子業,洪水樹
21,2207,和泰車,上市,54.6,2709,18.2,汽車工業,黃南光
22,4904,遠傳,上市,326,2346,9.7,通信網路業,徐旭東
23,3474,華亞科,上市,655,2315,9.2,半導體業,高啟全
24,2912,統一超,上市,104,2313,17.7,貿易百貨業,羅智先
25,2357,華碩,上市,74.3,2273,18.5,電腦及週邊設備業,施崇棠
26,2105,正新,上市,324,2259,27.5,橡膠工業,羅才仁
27,4938,和碩,上市,252,2251,4.9,電腦及週邊設備業,童子賢
28,2883,開發金,上市,1535,1835,13.4,金控業,陳木在
29,1402,遠東新,上市,525,1784,48.1,紡織纖維,徐旭東
30,2303,聯電,上市,1275,1772,29.9,半導體業,洪嘉聰
31,3481,群創,上市,995,1772,8.6,光電業,段行建
32,2892,第一金,上市,926,1764,12.4,金控業,蔡慶年
33,2885,元大金,上市,1014,1759,13.3,金控業,王榮周
34,5880,合庫金,上市,1054,1729,3.5,金控業,廖燦昌
35,2880,華南金,上市,933,1721,13.4,金控業,劉燈城
36,2408,南亞科,上市,243,1657,14.8,半導體業,吳嘉昭
37,3658,漢微科,上櫃,7.1,1629,3,半導體業,許金榮
38,2409,友達,上市,962,1598,14.7,光電業,彭又又浪
39,2325,矽品,上市,312,1555,22.1,半導體業,林文伯
40,1101,台泥,上市,369,1541,53.3,水泥工業,辜成允
41,2395,研華,上市,63.2,1528,15.4,電腦及週邊設備業,劉克振
42,2884,玉山金,上市,705,1456,13.3,金控業,黃永仁
43,2801,彰銀,上市,790,1419,53.3,銀行業,張明道
44,2354,鴻準,上市,138,1390,18.6,其他電子業,林棟樑
45,9904,寶成,上市,294,1373,25.3,其他業,詹陸銘
46,2890,永豐金,上市,948,1337,13,金控業,何壽川
47,1102,亞泥,上市,336,1291,53,水泥工業,徐旭東
48,2887,台新金,上市,958,1279,13.3,金控業,吳東亮
49,1476,儒鴻,上市,26.1,1135,14.1,紡織纖維,洪鎮海
50,2324,仁寶,上市,447,1123,23.3,電腦及週邊設備業,許勝雄
51,9921,巨大,上市,37.5,988,20.4,其他業,劉金標
52,3034,聯詠,上市,60.9,977,12.7,半導體業,何泰舜
53,9910,豐泰,上市,57.9,976,23.3,其他業,王秋雄
54,2227,裕日車,上市,30,963,10.4,汽車工業,嚴凱泰
55,2888,新光金,上市,983,959,13.3,金控業,吳東進
56,2823,中壽,上市,304,929,20.3,保險業,王銘陽
57,2301,光寶科,上市,234,907,19.5,電腦及週邊設備業,宋恭源
58,2498,宏達電,上市,82.8,861,13.2,通信網路業,王雪紅
59,5871,F-中租,上市,110,853,3.4,其他業,陳鳳龍
60,4958,F-臻鼎,上市,76.8,837,3.4,電子零組件業,沈慶芳
61,2618,長榮航,上市,386,814,13.7,航運業,張國煒
62,2356,英業達,上市,359,791,18.5,電腦及週邊設備業,李詩欽
63,5347,世界,上櫃,164,775,17.2,半導體業,章青駒
64,3673,F-TPK,上市,35.1,771,4.6,光電業,江朝瑞
65,2610,華航,上市,525,743,22.2,航運業,孫洪祥
66,2347,聯強,上市,159,696,19.4,電子通路業,苗豐強
67,2542,興富發,上市,89.7,690,16.1,建材營造業,鄭志隆
68,2915,潤泰全,上市,94.1,688,37.8,貿易百貨業,王綺帆
69,2615,萬海,上市,222,673,19,航運業,陳柏廷
70,5264,F-鎧勝,上市,34,669,2.3,電腦及週邊設備業,童子賢
71,9914,美利達,上市,29.9,665,22.6,其他業,曾崧柱
72,3702,大聯大,上市,166,646,9.5,電子通路業,黃偉祥
73,2201,裕隆,上市,157,631,38.9,汽車工業,嚴凱泰
74,2603,長榮,上市,348,628,27.7,航運業,張正鏞
75,2049,上銀,上市,26.1,620,5.9,電機機械,卓永財
76,3231,緯創,上市,247,608,11.8,電腦及週邊設備業,林憲銘
77,9945,潤泰新,上市,119,597,23.1,其他業,簡滄圳
78,2385,群光,上市,69.5,584,16.4,電腦及週邊設備業,許崑泰
79,1434,福懋,上市,168,582,29.4,紡織纖維,王文淵
80,1227,佳格,上市,72.1,577,21.1,食品工業,曹德風
81,2353,宏碁,上市,310,565,18.7,電腦及週邊設備業,黃少華
82,8299,群聯,上櫃,19.7,564,10.5,電腦及週邊設備業,潘健成
83,1504,東元,上市,200,563,41.5,電機機械,劉兆凱
84,2923,F-鼎固,上市,174,560,2.5,建材營造業,張洪本
85,5903,全家,上櫃,22.3,541,13.2,貿易百貨業,潘進丁
86,4174,浩鼎,上櫃,17.1,524,0.2,生技醫療業,張念慈
87,2834,臺企銀,上市,530,520,17.4,銀行業,黃添昌
88,1722,台肥,上市,98,517,17.2,化學工業,李復興
89,6176,瑞儀,上市,46.5,514,8,光電業,王本然
90,2448,晶電,上市,110,511,14,光電業,李秉傑
91,2451,創見,上市,43.1,495,14.1,半導體業,束崇萬
92,6239,力成,上市,77.9,493,10.5,半導體業,蔡篤恭
93,1477,聚陽,上市,19.1,474,12.3,紡織纖維,周理平
94,3682,亞太電,上市,389,471,1.8,通信網路業,呂芳銘
95,6147,頎邦,上櫃,64.9,465,13.3,半導體業,吳非艱
96,2379,瑞昱,上市,50.5,461,16.6,半導體業,葉南宏
97,1802,台玻,上市,238,459,41.8,玻璃陶瓷,林伯豐
98,2106,建大,上市,81.6,443,24.4,橡膠工業,楊銀明
99,6121,新普,上櫃,30.8,435,13.5,電腦及週邊設備業,宋福祥
100,2059,川湖,上市,9.53,417,6.9,電子零組件業,林聰吉
101,1590,F-亞德,上市,17,407,4.4,電機機械,王世忠
102,2327,國巨,上市,67.7,406,21.6,電子零組件業,陳泰銘
103,3189,景碩,上市,44.6,404,10.6,半導體業,童子賢
104,3532,台勝科,上市,77.6,396,7.4,半導體業,李志村
105,9917,中保,上市,45.1,394,21.5,其他業,林孝信
106,8044,網家,上櫃,8.68,389,10.3,資訊服務業,詹宏志
107,9933,中鼎,上市,75.9,387,22,其他業,余俊彥
108,8454,富邦媒,上市,14.2,385,0.4,貿易百貨業,林福星
109,8406,F-金可,上櫃,9.27,382,3.1,生技醫療業,蔡國洲
110,2634,漢翔,上市,90.8,377,0.7,航運業,廖榮鑫
111,2606,裕民,上市,85.8,369,24.5,航運業,徐旭東
112,2344,華邦電,上市,369,362,19.6,半導體業,焦佑鈞
113,2204,中華,上市,138,362,24.2,汽車工業,嚴凱泰
114,2609,陽明,上市,286,356,23.1,航運業,盧峰海
115,8046,南電,上市,64.6,355,9.1,電子零組件業,吳嘉昭
116,2707,晶華,上市,11.7,354,17.2,觀光事業,潘思亮
117,8150,南茂,上市,86.5,352,1.1,半導體業,鄭世杰
118,1723,中碳,上市,23.7,349,16.5,化學工業,鍾樂民
119,2809,京城銀,上市,120,348,31.8,銀行業,戴誠志
120,9907,統一實,上市,158,345,24.3,其他業,羅智先
121,5904,寶雅,上櫃,9.41,343,12.7,貿易百貨業,陳建造
122,3105,穩懋,上櫃,74.3,340,3.4,半導體業,陳進財
123,1717,長興,上市,102,336,21.1,化學工業,高國倫
124,5530,龍巖,上櫃,39.9,334,14.6,其他業,李世聰
125,2903,遠百,上市,144,332,36.6,貿易百貨業,徐旭東
126,3691,碩禾,上櫃,6.09,325,4.5,光電業,陳繼明
127,5522,遠雄,上市,83.5,320,7.8,建材營造業,趙文嘉
128,2833,台壽保,上市,103,320,17.6,保險業,許舒博
129,2449,京元電,上市,119,320,14,半導體業,李金恭
130,2845,遠東銀,上市,286,318,16.5,銀行業,侯金英
131,1789,神隆,上市,70.3,316,3.6,生技醫療業,鄭高輝
132,2812,台中銀,上市,285,308,31,銀行業,蘇金豐
133,2847,大眾銀,上市,277,305,16.3,銀行業,陳建平
134,6285,啟碁,上市,32.9,304,11.7,通信網路業,謝宏波
135,1605,華新,上市,358,300,42.5,電器電纜,焦佑倫
136,2501,國建,上市,166,297,47.6,建材營造業,張清櫆
137,3044,健鼎,上市,52.6,294,12.7,電子零組件業,王景春
138,2231,為升,上市,7.24,294,4.5,電機機械,尤山泉
139,2393,億光,上市,43,293,15.5,光電業,葉寅夫
140,2849,安泰銀,上市,196,293,15.7,銀行業,齊百邁
141,2392,正崴,上市,51.2,292,15.7,電子零組件業,郭台強
142,2377,微星,上市,84.5,292,16.6,電腦及週邊設備業,徐祥
143,3529,力旺,上櫃,7.68,289,4.3,半導體業,徐清祥
144,5820,日盛金,上櫃,322,288,13.3,金控業,黃錦瑭
145,2362,藍天,上市,68.3,280,18.1,電腦及週邊設備業,許崑泰
146,6409,旭隼,上市,7.08,278,1.1,其他電子業,謝卓明
147,2103,台橡,上市,82.6,278,32.7,橡膠工業,王紹堉
148,1565,精華,上櫃,5.04,273,11.1,生技醫療業,陳明賢
149,1507,永大,上市,41.1,273,25.5,電機機械,許作立
150,1440,南紡,上市,164,273,25.6,紡織纖維,鄭高輝
151,2867,三商壽,上市,145,266,2.4,保險業,劉中興
152,2352,佳世達,上市,197,266,18.8,電腦及週邊設備業,李焜耀
153,2838,聯邦銀,上市,245,263,16.9,銀行業,李憲章
154,2360,致茂,上市,37.9,263,18.4,其他電子業,黃欽明
155,6269,台郡,上市,22.9,261,11.7,電子零組件業,鄭明智
156,9938,百和,上市,29.8,260,14.4,其他業,鄭森煤
157,4162,智擎,上櫃,10.2,257,2.7,生技醫療業,何俊輝
158,6005,群益證,上市,237,256,9.5,證券業,王濬智
159,6286,立錡,上市,14.9,255,11.6,半導體業,邰中和
160,3037,欣興,上市,154,255,12.7,電子零組件業,曾子章
161,8076,伍豐,上櫃,21.8,251,11.4,電腦及週邊設備業,徐明哲
162,2101,南港,上市,83.4,250,51.6,橡膠工業,江慶興
163,2337,旺宏,上市,356,250,20.2,半導體業,吳敏求
164,1314,中石化,上市,232,247,23.9,塑膠工業,沈慶京
165,6415,F-矽力,上市,7.76,246,1.4,半導體業,陳偉
166,4966,F-譜瑞,上櫃,7.55,243,3.7,半導體業,趙捷
167,2015,豐興,上市,58.2,239,23,鋼鐵工業,林明儒
168,2441,超豐,上市,56.9,239,14.6,半導體業,蔡篤恭
169,2889,國票金,上市,269,235,13.2,金控業,魏啟林
170,2723,F-美食,上市,14.1,233,4.5,觀光事業,吳政學
171,2313,華通,上市,119,232,24.8,電子零組件業,吳  健
172,6414,樺漢,上市,6.87,232,1.2,電腦及週邊設備業,樓朝宗
173,2006,東鋼,上市,99.8,232,26.9,鋼鐵工業,侯傑騰
174,2206,三陽,上市,90,232,18.8,汽車工業,張宏嘉
175,1710,東聯,上市,88.6,231,27.6,化學工業,徐旭東
176,2855,統一證,上市,132,228,12.7,證券業,鄧阿華
177,1707,葡萄王,上市,13,226,32.4,生技醫療業,曾盛麟
178,5483,中美晶,上櫃,58,225,14.2,半導體業,盧明光
179,4180,安成藥,上櫃,11.3,224,1.5,生技醫療業,陳志明
180,2355,敬鵬,上市,39.7,221,18.6,電子零組件業,黃維金
181,2376,技嘉,上市,62.9,220,16.7,電腦及週邊設備業,葉培城
182,6116,彩晶,上市,330,217,10.7,光電業,焦佑麒
183,1262,F-綠悅,上市,14.8,213,1.3,其他業,王哲夫
184,9941,裕融,上市,26.2,212,13.7,其他業,嚴凱泰
185,3706,神達,上市,76.6,211,1.7,電腦及週邊設備業,苗豐強
186,1503,士電,上市,52.1,210,45.4,電機機械,許育瑞
187,1589,F-永冠,上市,10.6,209,3.1,電機機械,張賢銘
188,2727,王品,上市,7.7,207,3.2,觀光事業,戴勝益
189,5371,中光電,上櫃,54.3,207,16.3,光電業,張威儀
190,4733,上緯,上市,8.56,206,4.4,化學工業,蔡朝陽
191,1736,喬山,上市,30.2,204,12.4,生技醫療業,羅崑泉
192,1702,南僑,上市,29.4,203,42,食品工業,陳飛龍
193,3060,銘異,上市,17.4,203,12.1,電腦及週邊設備業,謝錦興
194,8422,可寧衛,上市,10.9,203,3.6,其他業,楊慶祥
195,2458,義隆,上市,44.1,202,13.7,半導體業,葉儀皓
196,2511,太子,上市,166,202,24.1,建材營造業,鄭高輝
197,1907,永豐餘,上市,166,201,38.2,造紙工業,邱秀瑩
198,2637,F-慧洋,上市,48.7,200,4.5,航運業,藍俊昇
199,5007,三星,上市,26.8,199,3.7,鋼鐵工業,柯吉源
200,1319,東陽,上市,59.1,194,20.4,塑膠工業,吳永豐
201,2548,華固,上市,27.7,194,12.7,建材營造業,鍾榮昌
202,6605,帝寶,上市,16.6,192,11.2,電機機械,謝氣
203,9940,信義,上市,61.3,192,13.7,其他業,周俊吉
204,1795,美時,上櫃,23.8,191,5.3,生技醫療業,林東和
205,3036,文曄,上市,40.7,190,12.7,電子通路業,鄭文宗
206,4915,致伸,上市,43.9,188,2.6,電腦及週邊設備業,梁立省
207,1536,和大,上市,23.5,187,13.7,電機機械,沈國榮
208,2608,大榮,上市,48.4,187,24.4,航運業,沈宗桂
209,2035,唐榮,上櫃,35,186,8.9,鋼鐵工業,張復盛
210,1312,國喬,上市,92.7,185,26.4,塑膠工業,吳春臺
211,1229,聯華,上市,85.5,185,38.8,食品工業,苗豐強
212,3576,新日光,上市,85.6,182,6.4,光電業,林坤禧
213,6166,凌華,上市,18.4,182,10.5,電腦及週邊設備業,劉鈞
214,3376,新日興,上市,17.9,181,7.4,電子零組件業,呂勝男
215,2373,震旦行,上市,33.7,180,23.8,其他電子業,林樂萍
216,2312,金寶,上市,146,180,25.5,其他電子業,許勝雄
217,1104,環泥,上市,61.6,178,44.3,水泥工業,侯博義
218,2607,榮運,上市,107,178,24.4,航運業,陳清標
219,9930,中聯資,上市,22.6,177,15.5,其他業,梁修長
220,4105,東洋,上櫃,24.9,177,13.7,生技醫療業,蕭英鈞
221,1409,新纖,上市,166,177,41.7,紡織纖維,吳東昇
222,1210,大成,上市,73.6,176,37,食品工業,韓家宇
223,6214,精誠,上市,26.7,176,4.4,資訊服務業,黃宗仁
224,4960,奇美材,上市,51.6,176,3.6,光電業,何昭陽
225,2104,中橡,上市,54.9,175,28.9,橡膠工業,辜成允
226,1307,三芳,上市,37.5,175,29.5,塑膠工業,林孟經
227,2383,台光電,上市,31.6,174,16.5,電子零組件業,蔡輝亮
228,5534,長虹,上市,26.1,173,11,建材營造業,李文造
229,6451,F-訊芯,上市,10.5,172,0.3,半導體業,徐文一
230,2331,精英,上市,55.7,172,20.7,電腦及週邊設備業,林郭文艷
231,3022,威強電,上市,32.8,171,12.7,電腦及週邊設備業,郭博達
232,6206,飛捷,上市,13.9,169,10.8,電腦及週邊設備業,林大成
233,1304,台聚,上市,114,169,43,塑膠工業,吳亦圭
234,1704,榮化,上市,85.3,167,37.4,化學工業,李謀偉
235,2856,元富證,上市,154,166,12.7,證券業,陳俊宏
236,2371,大同,上市,234,166,53.3,電機機械,林蔚山
237,3035,智原,上市,41.4,164,12.7,半導體業,宣明智
238,6146,耕興,上櫃,8.4,163,13.3,其他電子業,黃文亮
239,8926,台汽電,上市,58.9,162,11.7,油電燃氣業,蔡富豐
240,9939,宏全,上市,26,161,14.2,其他業,戴宏全
241,3698,隆達,上市,62.3,160,3.6,光電業,蘇峰正
242,4123,晟德,上櫃,20.8,160,11.6,生技醫療業,林榮錦
243,3176,基亞,上櫃,13.9,159,3.5,生技醫療業,張世忠
244,2820,華票,上市,134,159,20.6,銀行業,吳正慶
245,5306,桂盟,上櫃,10.9,158,19.4,其他業,吳盈進
246,9925,新保,上市,38.4,157,19.5,其他業,林伯峰
247,3030,德律,上市,23.6,157,12.6,其他電子業,陳玠源
248,2107,厚生,上市,49.7,156,23.2,橡膠工業,徐正材
249,4401,東隆興,上櫃,12,156,19,紡織纖維,游秀雄
250,1718,中纖,上市,136,153,51.5,化學工業,王貴賢
251,2504,國產,上市,152,152,37.2,建材營造業,林明昇
252,2023,燁輝,上市,167,151,19.8,鋼鐵工業,林義守
253,6412,群電,上市,35.9,151,1.5,電子零組件業,許崑泰
254,5263,智崴,上櫃,3.97,150,2.4,文化創意業,黃仲銘
255,1234,黑松,上市,40.2,148,16.2,食品工業,張斌堂
256,3374,精材,上櫃,26.8,148,0.1,半導體業,關欣
257,4532,瑞智,上市,46.8,147,11.8,電機機械,陳盛沺
258,6244,茂迪,上櫃,44.1,146,12,光電業,曾永輝
259,2489,瑞軒,上市,83.4,146,13.7,光電業,吳春發
260,5388,中磊,上市,23,145,7.5,通信網路業,王伯元
261,6279,胡連,上櫃,9.71,145,11.5,電子零組件業,張子雄
262,1904,正隆,上市,111,144,43.7,造紙工業,鄭舒云
263,8942,森鉅,上櫃,15.5,143,12,其他業,鄭憲得
264,6271,同欣電,上市,16.3,142,7.5,半導體業,楊惠捷
265,6282,康舒,上市,52.5,141,11.7,電子零組件業,許勝雄
266,1726,永記,上市,16.2,139,14.7,化學工業,沈鴻烈
267,3705,永信,上市,25.4,139,4.4,生技醫療業,李芳全
268,4137,F-麗豐,上市,7.95,138,1.5,生技醫療業,陳碧華
269,2605,新興,上市,56.8,138,25.5,航運業,蔡景本
270,2905,三商,上市,68.1,137,26.7,貿易百貨業,陳翔立
271,3552,同致,上櫃,8.41,136,6.4,其他電子業,陳信忠
272,2545,皇翔,上市,32.8,134,14.7,建材營造業,廖年吉
273,8069,元太,上櫃,114,134,11.1,光電業,柯富仁
274,2514,龍邦,上市,56.3,134,22.7,其他業,於知慶
275,3450,聯鈞,上市,7.66,134,9.1,其他電子業,鄭祝良
276,3264,欣銓,上櫃,47.6,133,10.4,半導體業,盧志遠
277,2027,大成鋼,上市,77.7,132,18.6,鋼鐵工業,謝麗雲
278,1313,聯成,上市,116,131,26.2,塑膠工業,苗豐強
279,2534,宏盛,上市,58.9,129,19.3,建材營造業,林祖郁
280,2547,日勝生,上市,87.7,128,14.4,建材營造業,林榮顯
281,3152,璟德,上櫃,6.9,128,7.2,通信網路業,雙德投資股份有限公司
282,6504,南六,上市,7.26,127,2,其他業,黃清山
283,3005,神基,上市,58.2,127,13.2,電腦及週邊設備業,黃明漢
284,3010,華立,上市,23.1,127,12.8,電子通路業,張瑞欽
285,1711,永光,上市,49.7,126,26.4,化學工業,陳建信
286,3545,敦泰,上市,41.6,126,7.9,半導體業,胡正大
287,3042,晶技,上市,31,126,12.7,電子零組件業,林進寶
288,6120,達運,上市,75,126,8.7,光電業,向富棋
289,1232,大統益,上市,16,125,19.3,食品工業,羅智先
290,2520,冠德,上市,50.4,124,21.6,建材營造業,馬玉山
291,3665,F-貿聯,上市,8.7,124,4.1,其他電子業,梁華哲
292,9908,大台北,上市,51.6,124,24.3,油電燃氣業,王文一
293,3533,嘉澤,上市,9.35,123,7.4,電子零組件業,朱德祥
294,6202,盛群,上市,22.6,123,10.7,半導體業,吳啟勇
295,8213,志超,上市,27.1,123,5.4,電子零組件業,徐正民
296,3558,神準,上櫃,4.89,122,1.4,通信網路業,蔡文河
297,1905,華紙,上市,122,122,40.3,造紙工業,黃鯤雄
298,4994,傳奇,上市,8.85,122,1.4,資訊服務業,張峰旗
299,5287,數字,上櫃,3.15,121,1.3,資訊服務業,廖世芳
300,2913,農林,上市,72,121,53.3,貿易百貨業,林金燕
301,3006,晶豪科,上市,27.2,119,13.2,半導體業,陳興海
302,8016,矽創,上市,11.9,119,11.4,半導體業,毛穎文
303,2439,美律,上市,18.5,119,14.7,通信網路業,廖祿立
304,1537,廣隆,上市,8.16,119,13.3,電機機械,李耀銘
305,1729,必翔,上市,18.5,118,14.2,生技醫療業,伍蔣清明
306,2208,台船,上市,74.4,118,6.4,航運業,賴杉桂
307,2329,華泰,上市,80.6,118,21.1,半導體業,杜俊元
308,2515,中工,上市,153,118,22.2,建材營造業,沈慶京
309,9937,全國,上市,30.9,117,14.7,油電燃氣業,賴正時
310,2450,神腦,上市,25.8,117,14,通信網路業,賴峰偉
311,8086,宏捷科,上櫃,13.7,117,6,半導體業,祁幼銘
312,5531,鄉林,上市,80.2,117,10.3,建材營造業,賴正鎰
313,6023,元大期,上櫃,23.2,117,7.5,證券業,林添富
314,1419,新紡,上市,30,115,38.2,紡織纖維,吳昕恩
315,8341,日友,上市,11.2,115,0.2,其他業,張芳正
316,4536,拓凱,上市,9.08,114,1.6,其他業,沈文振
317,3023,信邦,上市,20.8,114,12.7,電子零組件業,王紹新
318,8114,振樺電,上市,6.53,113,2.5,電腦及週邊設備業,陳茂松
319,1532,勤美,上市,39.4,113,14.7,鋼鐵工業,何明憲
320,3227,原相,上櫃,13.1,113,9.1,半導體業,黃森煌
321,5907,F-大洋,上市,20.2,113,3,貿易百貨業,長原彰弘
322,6803,崑鼎,上櫃,6.5,112,5,其他業,林俊華
323,1201,味全,上市,50.6,111,53.3,食品工業,李鳳翱
324,3662,樂陞,上櫃,8.5,111,6,資訊服務業,許金龍
325,3380,明泰,上市,49.2,110,10.4,通信網路業,李中旺
326,4152,台微體,上櫃,5.55,110,2.4,生技醫療業,洪基隆
327,3443,創意,上市,13.4,110,8.6,半導體業,曾繁城
328,3019,亞光,上市,28.1,109,12.7,光電業,賴以仁
329,3452,益通,上櫃,77.9,109,9.2,光電業,徐信群
330,5508,永信建,上櫃,18.1,109,17,建材營造業,陳俊銘
331,2908,特力,上市,51.4,108,22.3,貿易百貨業,李麗秋
332,3211,順達,上櫃,15.2,108,10.5,電腦及週邊設備業,鍾聰明
333,1103,嘉泥,上市,77.7,107,45.5,水泥工業,張剛綸
334,1909,榮成,上市,83.7,106,29.5,造紙工業,鄭瑛彬
335,6278,台表科,上市,28.1,106,4.7,光電業,伍開雲
336,8131,福懋科,上市,44.2,106,7.5,半導體業,王文淵
337,6452,F-康友,上市,6.5,105,0.2,生技醫療業,黃文烈
338,1451,年興,上市,40,105,22.4,紡織纖維,陳朝國
339,6277,宏正,上市,11.9,105,11.6,電腦及週邊設備業,陳尚仲
340,5349,先豐,上櫃,22.4,105,16.9,電子零組件業,鄭文鋒
341,2228,劍麟,上市,7.17,104,1.5,電機機械,黃正怡
342,2108,南帝,上市,41.5,104,22.6,橡膠工業,楊東源
343,5009,榮剛,上櫃,45.1,104,16.6,鋼鐵工業,陳興時
344,1558,伸興,上市,6.06,103,0.4,電機機械,林志誠
345,2731,雄獅,上市,7,102,1.7,觀光事業,王文傑
346,2704,國賓,上市,36.7,101,32.5,觀光事業,許育瑞
347,6257,矽格,上市,36.3,101,11.7,半導體業,黃興陽
348,1444,力麗,上市,95.7,101,24.8,紡織纖維,郭紹儀
349,2492,華新科,上市,68.3,99.7,13.7,電子零組件業,焦佑衡
350,3260,威剛,上櫃,23,99.7,10.6,半導體業,陳立白
351,4128,中天,上櫃,42.5,99.5,9,生技醫療業,林衛理
352,1785,光洋科,上櫃,40.9,99.5,10.3,其他電子業,陳李賀
353,1308,亞聚,上市,47,99.1,28.9,塑膠工業,吳亦圭
354,2401,凌陽,上市,59.2,98.6,15.3,半導體業,黃洲杰
355,2524,京城,上市,37.6,98.5,20.6,建材營造業,蔡天贊
356,5478,智冠,上櫃,12.7,98.2,14.1,資訊服務業,王俊博
357,1338,F-廣華,上市,8.38,98.1,2.4,汽車工業,余澤民
358,3026,禾伸堂,上市,22.4,98.1,12.7,電子零組件業,唐錦榮
359,2851,中再保,上市,56.2,97.3,14.9,保險業,楊誠對
360,2455,全新,上市,24.7,97.3,13.3,通信網路業,陳懋常
361,1903,士紙,上市,26,96.9,51.5,造紙工業,陳柏廷
362,2332,友訊,上市,64.8,96.8,20.6,通信網路業,云瑋投資(股)公司
363,3703,欣陸,上市,88.3,96.3,5.1,建材營造業,殷琪
364,4426,利勤,上市,7.66,95.8,3.4,紡織纖維,洪文耀
365,2323,中環,上市,258,95.5,23.3,光電業,翁明顯
366,2485,兆赫,上市,31.8,95.1,13.7,通信網路業,黃啟瑞
367,5434,崇越,上市,15.8,95.1,11.7,電子通路業,潘重良
368,1460,宏遠,上市,47.1,94.7,20.1,紡織纖維,席家宜
369,9802,F-鈺齊,上市,13.2,94.5,2.6,其他業,林文智
370,2062,橋椿,上市,16.3,94.3,7.5,其他業,楊慶祺
371,1110,東泥,上市,57.2,93.8,20.6,水泥工業,陳敏斷
372,8349,恒耀,上櫃,9.15,93.4,9.2,鋼鐵工業,吳榮彬
373,3017,奇鋐,上市,35.3,92.4,12.7,電腦及週邊設備業,沈慶行
374,1582,信錦,上市,15,92.3,5.4,電子零組件業,陳秋郎
375,9905,大華,上市,30.5,92.3,24.8,其他業,姜靜宜
376,2316,楠梓電,上市,31.9,92.2,24.3,電子零組件業,徐漢忠
377,2368,金像電,上市,56.5,91.8,17.2,電子零組件業,楊長基
378,5512,力麒,上櫃,75.4,91.6,16.5,建材營造業,郭淑珍
379,1560,中砂,上市,14.1,91.2,10.3,電機機械,林陳滿麗
380,2328,廣宇,上市,51.8,91,21.5,電子零組件業,盧松發
381,2014,中鴻,上市,144,90.9,23.3,鋼鐵工業,黃宗英
382,5269,祥碩,上市,5.71,90.8,2.4,半導體業,沈振來
383,8039,台虹,上市,20.4,90.8,5.4,電子零組件業,孫達汶
384,1447,力鵬,上市,87.1,90.6,23.3,紡織纖維,郭紹儀
385,1513,中興電,上市,42,90.5,21.2,電機機械,江義福
386,2499,東貝,上市,32.1,90.4,13.3,光電業,吳慶輝
387,2034,允強,上市,37,89.9,13.7,鋼鐵工業,張清課
388,8255,朋程,上櫃,7.49,89.8,9.1,電機機械,盧明光
389,1535,中宇,上市,12.4,89.8,13.7,電機機械,林弘男
390,9943,好樂迪,上市,14.7,89.6,12.7,觀光事業,顏瓊章
391,2841,台開,上市,66.2,89.4,16.4,建材營造業,邱復生
392,2539,櫻花建,上市,23.9,89.1,17.9,建材營造業,陳正釭
393,2536,宏普,上市,33.3,88.5,19.2,建材營造業,段津華
394,9951,皇田,上櫃,7.49,88.4,11.4,電機機械,周幼珊
395,2597,潤弘,上市,13.5,87.9,5.2,建材營造業,賴士勳
396,6153,嘉聯益,上市,32.5,87.7,7.3,電子零組件業,蔡長穎
397,3607,谷崧,上市,11.9,87.4,5.6,電子零組件業,洪煥青
398,2456,奇力新,上市,12.7,87.4,13.7,電子零組件業,陳泰銘
399,2374,佳能,上市,47.3,87,20.3,光電業,曾明仁
400,5203,訊連,上市,10,86.9,10.7,資訊服務業,黃肇雄
401,8936,國統,上櫃,18.7,85.8,12.7,其他業,梁家源
402,8215,明基材,上市,32.1,85.6,4.5,光電業,陳建志
403,1580,新麥,上櫃,4.76,85.2,7.4,電機機械,謝順和
404,1310,台苯,上市,52.8,85,27.8,塑膠工業,林文淵
405,2832,台產,上市,36.4,85,17.6,保險業,李泰宏
406,2706,第一店,上市,39.2,84.9,23.9,觀光事業,顧安生
407,9942,茂順,上市,8.32,84.8,13.3,其他業,石正復
408,1340,F-勝悅,上市,8.84,84.4,1.5,塑膠工業,莊國清
409,5490,同亨,上櫃,9.44,83.9,14,電腦及週邊設備業,張永銘
410,3406,玉晶光,上市,9.98,83.9,9.4,光電業,陳天慶
411,2404,漢唐,上市,23.8,83.7,15.2,其他電子業,陳朝水
412,3490,單井,上櫃,6.23,83.5,7.6,光電業,王祥亨
413,2349,錸德,上市,261,82.6,19.1,光電業,葉進泰
414,2345,智邦,上市,53.4,82.2,19.5,通信網路業,李炎松
415,2929,F-淘帝,上市,5.81,82.2,1.4,貿易百貨業,周訓財
416,3611,鼎翰,上櫃,3.46,82.1,6.5,電腦及週邊設備業,王秀亭
417,3059,華晶科,上市,27,81.6,12.4,光電業,夏汝文
418,6188,廣明,上櫃,27.8,81.1,12.7,電腦及週邊設備業,林百里
419,1714,和桐,上市,95.9,81.1,23.7,化學工業,楊猷傑
420,9927,泰銘,上市,20.9,80.7,16.2,其他業,陳豊明
421,2497,怡利電,上市,11.9,80.5,13.3,其他電子業,陳錫蒼
422,6261,久元,上櫃,12.7,80.5,11.1,半導體業,汪秉龍
423,4743,合一,上櫃,17.8,80.5,3.7,生技醫療業,柯逢年
424,2402,毅嘉,上市,34.2,80,15.4,電子零組件業,黃秋永
425,2612,中航,上市,25.6,79.9,20.6,航運業,彭蔭剛
426,1321,大洋,上市,22.7,79.9,16.3,塑膠工業,陳欽明
427,5356,協益,上櫃,12.9,79.6,16.8,電腦及週邊設備業,蕭敏志
428,2102,泰豐,上市,45.7,79.1,35.9,橡膠工業,馬述健
429,5305,敦南,上市,31.5,78.9,10.8,半導體業,宋恭源
430,2538,基泰,上市,41,78.5,18.6,建材營造業,陳世銘
431,1614,三洋電,上市,26.9,78.3,17.7,電器電纜,李文峰
432,2617,台航,上市,41.7,77.6,16.9,航運業,張義源
433,1583,程泰,上市,10,77.5,7.3,電機機械,楊德華
434,4103,百略,上櫃,11,77,14.1,生技醫療業,林金源
435,4947,F-昂寶,上櫃,4.47,76.9,3.6,半導體業,李朝福
436,9924,福興,上市,18.8,76.4,20.2,其他業,林瑞章
437,6230,超眾,上市,8.63,76.4,4.7,電腦及週邊設備業,吳宗
438,2910,統領,上市,20.9,76.1,18.4,貿易百貨業,蘇建義
439,1455,集盛,上市,61.2,75.6,21.6,紡織纖維,葉守焞
440,2850,新產,上市,31.6,75.5,15,保險業,吳昕紘
441,6213,聯茂,上市,31.8,75.5,7.3,電子零組件業,蔡茂禎
442,8429,F-金麗,上市,12.1,75.5,2.4,貿易百貨業,庄春龍
443,5274,信驊,上櫃,2.63,75.5,2.1,半導體業,林鴻明
444,6115,鎰勝,上市,17.8,75.3,10.8,電子零組件業,黃子成
445,2475,華映,上市,648,75.2,13.7,光電業,林蔚山
446,5471,松翰,上市,16.8,75.1,11.7,半導體業,陳賢哲
447,3437,榮創,上市,14.7,74.6,0.9,光電業,莊宏仁
448,4906,正文,上市,30.6,74.5,11.9,通信網路業,陳鴻文
449,4306,炎洲,上市,51.3,74.3,7.3,塑膠工業,李志賢
450,3062,建漢,上市,33,74.3,11.8,通信網路業,陳澤燦
451,6184,大豐電,上市,14,74,10.3,其他業,戴永輝
452,2010,春源,上市,64.8,73.8,25.4,鋼鐵工業,李文隆
453,4141,F-龍燈,上市,15.2,73.6,3.1,生技醫療業,羅昌庚
454,8050,廣積,上櫃,10.9,73.5,11.6,電腦及週邊設備業,林秋旭
455,9926,新海,上市,16.7,73.3,17.1,油電燃氣業,丁守真
456,2420,新巨,上市,15.3,73.3,14.7,電子零組件業,周進文
457,5351,鈺創,上櫃,43.7,73,17,半導體業,盧超群
458,3293,鈊象,上櫃,6.97,72.5,8.9,資訊服務業,李柯柱
459,3234,光環,上櫃,10.4,72.4,4.2,通信網路業,劉勝先
460,4107,邦特,上櫃,8.54,72.2,13.2,生技醫療業,蔡宗禮
461,1808,潤隆,上市,21.5,71.9,20.6,建材營造業,蔡聰賓
462,1708,東鹼,上市,17.4,71.9,28.9,化學工業,錢蔭範
463,3515,華擎,上市,11.5,71.8,7.5,電腦及週邊設備業,徐世昌
464,3356,奇偶,上市,7,71.7,10.2,光電業,戴光正
465,1715,萬洲,上市,39.8,71.7,22.4,塑膠工業,李志賢
466,1604,聲寶,上市,52.5,71.7,44.4,電器電纜,財團法人陳茂榜工商發展基金會
467,2351,順德,上市,18.2,71.6,19.1,半導體業,陳朝雄
468,8070,長華,上市,7.7,71.6,7.4,電子通路業,黃嘉能
469,1521,大億,上市,7.62,71.4,17.6,電機機械,吳俊億
470,2836,高雄銀,上市,74,71.4,17,銀行業,陳統民
471,2340,光磊,上市,54.6,70.4,20.1,光電業,黃勇強
472,2367,燿華,上市,56.6,70.2,17.4,電子零組件業,張元銘
473,6177,達麗,上市,17.1,69.9,1.8,建材營造業,謝志長
474,2114,鑫永銓,上市,6.75,69.9,4.4,橡膠工業,林季進
475,8081,致新,上市,8.62,69.9,6.4,半導體業,謝南強
476,5425,台半,上櫃,23.9,69.8,15.2,半導體業,王秀亭
477,3704,合勤控,上市,48.7,69.8,4.8,通信網路業,朱順一
478,5608,四維航,上市,40.3,69.8,11.7,航運業,藍俊德
479,2926,誠品生,上櫃,4.51,69.3,2.3,貿易百貨業,吳清友
480,3514,昱晶,上市,40.8,69.1,7.6,光電業,潘文炎
481,6192,巨路,上市,11.9,69,10.7,其他電子業,林建國
482,1773,勝一,上市,15,68.6,6.2,化學工業,孫靜源
483,2505,國揚,上市,50.4,68.5,35.5,建材營造業,林子寬
484,6223,旺矽,上櫃,7.96,68.5,12.4,半導體業,陳四桂
485,2029,盛餘,上市,32.1,68.4,18.4,鋼鐵工業,大森真
486,1339,昭輝,上市,7.59,68,3.1,塑膠工業,林詩芸
487,5213,亞昕,上櫃,38.2,67.6,12.1,建材營造業,姚連地
488,1215,卜蜂,上市,24.4,67.5,27.8,食品工業,鄭武樾
489,6189,豐藝,上市,17.9,67.3,11,電子通路業,陳澄芳
490,2406,國碩,上市,30.7,67.2,15.1,光電業,陳繼明
491,2433,互盛電,上市,14.4,67,14.7,其他電子業,賀俊強
492,4164,承業醫,上市,13,66.8,2.6,生技醫療業,李沛霖
493,1264,德麥,上櫃,3.06,66.2,0.1,食品工業,林雪嬌
494,5392,應華,上櫃,9.14,66.1,15.9,光電業,董俊仁
495,4526,東台,上市,25.1,66,11.7,電機機械,嚴瑞雄
496,3519,綠能,上市,41.4,65.9,7.3,半導體業,林蔚山
497,3561,昇陽科,上市,37.2,64.8,6.5,光電業,劉康信
498,1527,鑽全,上市,15.3,64.4,14.9,電機機械,賴明達先生
499,4725,信昌化,上市,29.2,64.2,7.6,化學工業,辜成允
500,3049,和鑫,上市,117,63.6,12.7,光電業,焦佑麒
501,3653,健策,上市,10.7,63.6,5.5,電子零組件業,趙宗信
502,2614,東森,上市,69.6,63.5,19.7,貿易百貨業,廖尚文
503,5457,宣德,上櫃,16.8,63.3,14.6,電子零組件業,蔡建偉
504,6281,全國電,上市,9.92,63.3,9.5,電子通路業,林琦敏
505,6197,佳必琪,上市,17.3,63,10.5,電子零組件業,張舒眉
506,3033,威健,上市,27,63,12.7,電子通路業,胡秋江
507,5289,宜鼎,上櫃,5.92,62.7,1.5,電腦及週邊設備業,李鐘亮
508,2387,精元,上市,36.4,62.4,16.3,電腦及週邊設備業,蔡火爐
509,9911,櫻花,上市,27.6,61.9,22.8,其他業,張永杰
510,8917,欣泰,上櫃,12.2,61.7,16,油電燃氣業,林振英
511,6274,台燿,上櫃,24.1,61.7,11.4,電子零組件業,辛忠道
512,4736,泰博,上櫃,6.83,61.4,4.5,生技醫療業,陳朝旺
513,9918,欣天然,上市,18.1,61.4,21.1,油電燃氣業,陳何家
514,3266,昇陽,上市,35.2,61.3,0.4,建材營造業,麥寬成
515,6180,橘子,上櫃,15.8,61.1,13,資訊服務業,劉柏園
516,5243,F-乙盛,上市,18.1,61.1,1.5,光電業,戴正吳
517,3596,智易,上市,18.9,61.1,6.2,通信網路業,陳瑞聰
518,4935,F-茂林,上市,14,61,3.8,光電業,李滿祥
519,3041,揚智,上市,30.3,60.6,12.7,半導體業,林申彬
520,6224,聚鼎,上市,8,60.6,5.7,電子零組件業,朱復華
521,8083,瑞穎,上櫃,3.51,60.4,10.7,電機機械,陳柏峰
522,4416,三圓,上櫃,6,60.3,15,建材營造業,王光祥
523,8163,達方,上市,31.9,60.1,7.5,電腦及週邊設備業,李錫華
524,1522,堤維西,上市,31.3,59.9,17.6,電機機械,吳俊佶
525,5227,F-立凱,上櫃,16.5,59.7,1.5,電子零組件業,張聖時
526,2701,萬企,上市,37.9,59.5,50.2,觀光事業,蔡茂昌
527,1701,中化,上市,29.8,59.3,53.3,生技醫療業,王勳聖
528,3149,正達,上市,26.9,59.3,3.5,光電業,鍾志明
529,3088,艾訊,上櫃,7.88,59.2,10.1,電腦及週邊設備業,楊裕德
530,2436,偉詮電,上市,22.1,59.1,14.7,半導體業,林錫銘
531,2729,瓦城,上櫃,2.33,59.1,2.7,觀光事業,徐承義
532,4198,環瑞醫,上櫃,15.1,59,0.4,生技醫療業,李祖德
533,6145,勁永,上市,32.6,58.9,11.7,電子通路業,郭台強
534,8411,F-福貞,上市,15.2,58.8,3.6,其他業,李榮福
535,3504,揚明光,上市,11.4,58.7,8.3,光電業,莊謙信
536,8404,F-百和,上市,22.3,58.7,4,其他業,鄭國火因
537,4979,華星光,上櫃,6.72,58.6,3.4,通信網路業,龔行憲
538,4919,新唐,上市,20.8,58.5,4.7,半導體業,焦佑鈞
539,1608,華榮,上市,63.3,58.3,26.9,電器電纜,吳賢明
540,1720,生達,上市,17.9,58.2,19.4,生技醫療業,范進財
541,3454,晶睿,上市,7.4,57.8,3.8,光電業,陳文昌
542,1109,信大,上市,42.1,57.7,23.5,水泥工業,楊德雄
543,1203,味王,上市,24,57.2,50.7,食品工業,穎川建忠
544,1709,和益,上市,43,57.2,28.9,化學工業,黃勝材
545,2527,宏璟,上市,27,57.2,20.2,建材營造業,簡文祥
546,3003,健和興,上市,15.4,57.1,13.3,電子零組件業,鄭克彬
547,3693,營邦,上櫃,3.83,57,1.5,電腦及週邊設備業,梁順營
548,4163,鐿鈦,上櫃,4.02,56.9,2.5,生技醫療業,蔡永芳
549,3520,振維,上櫃,5.13,56.9,7.6,電子零組件業,吳靜翊
550,2390,云辰,上市,21.5,56.8,15.9,其他電子業,張姿玲
551,1305,華夏,上市,46.8,56.4,42.2,塑膠工業,吳亦圭
552,6104,創惟,上櫃,8.97,56.1,14,半導體業,王國肇
553,5489,彩富,上櫃,10.4,56,14.2,其他電子業,陳春生
554,4142,國光生,上市,23.7,55.8,3.1,生技醫療業,詹啟賢
555,2506,太設,上市,38.7,55.7,35.3,建材營造業,章啟光
556,2109,華豐,上市,32.6,55.7,15,橡膠工業,蘇明芬
557,8234,新漢,上櫃,13.9,55.6,8,電腦及週邊設備業,林茂昌
558,4927,F-泰鼎,上櫃,12.3,55.4,3.6,電子零組件業,王樹木
559,4104,佳醫,上市,11.3,55.3,7.4,生技醫療業,傅輝東
560,4120,友華,上櫃,8.67,55.3,11.5,生技醫療業,蔡正弘
561,1712,興農,上市,34.4,55.2,25.4,化學工業,楊文彬
562,2601,益航,上市,37.8,54.9,49.5,貿易百貨業,長原彰弘
563,6105,瑞傳,上櫃,10.6,54.8,14.1,電腦及週邊設備業,官志凱
564,3265,台星科,上櫃,13.6,54.8,9.8,半導體業,翁志立
565,1442,名軒,上市,22.1,54.6,25.5,建材營造業,吳泓瑩
566,3014,聯陽,上市,15.8,54.5,12.6,半導體業,胡鈞陽
567,3498,陽程,上櫃,7.7,54.5,7.7,其他電子業,黃秋逢
568,1315,達新,上市,19.8,54.4,23,塑膠工業,吳子聰
569,2428,興勤,上市,12.7,54.2,14.7,電子零組件業,隋台中
570,3501,維熹,上市,11.6,54.1,7.7,電子零組件業,吳瑞雄
571,5466,泰林,上櫃,22,54,14.6,半導體業,卓連發
572,4528,江興鍛,上櫃,7.65,53.9,14.3,電機機械,江木山
573,6016,康和證,上櫃,68.8,53.8,18.5,證券業,周康記
574,1464,得力,上市,21.7,53.8,18.3,紡織纖維,葉家銘
575,2816,旺旺保,上市,21.3,53.8,23,保險業,洪吉雄
576,6702,興航,上市,55.4,53.8,3.6,航運業,林明昇
577,8210,勤誠,上市,12,53.5,3.5,電腦及週邊設備業,陳美琪
578,6107,華美,上櫃,5.9,53.3,13.9,電子零組件業,楊名衡
579,1337,F-再生,上市,25,53.2,3.9,塑膠工業,丁金造
580,5312,寶島科,上櫃,6.01,52.9,19,其他業,蔡國彬
581,8427,F-基勝,上市,10.6,52.8,3.5,其他業,劉宗信
582,4144,F-康聯,上市,7.81,52.7,3.6,生技醫療業,威廉凱樂
583,2464,盟立,上市,18.3,52.5,13.7,其他電子業,孫弘
584,5538,F-東明,上市,16.8,52.4,1.4,鋼鐵工業,蔡清東
585,3130,一零四,上市,3.31,52.3,9.3,資訊服務業,楊基寬
586,5533,皇鼎,上市,25.6,52.3,7.1,建材營造業,劉信雄
587,1815,富喬,上櫃,40.4,52.2,9.3,電子零組件業,張元賓
588,5469,瀚宇博,上市,45.5,51.9,11.7,電子零組件業,焦佑衡
589,4130,健亞,上櫃,10.1,51.9,3.4,生技醫療業,梁榮江
590,2397,友通,上市,11.5,51.9,15.4,電腦及週邊設備業,呂衍奇
591,2013,中鋼構,上市,20,51.7,23.3,鋼鐵工業,陳明漢
592,8110,華東,上市,50.1,51.6,7.6,半導體業,焦佑衡
593,9946,三發,上市,20.6,51.6,1.7,建材營造業,鍾俊榮
594,1525,江申,上市,6.92,51.5,16,電機機械,簡清隆
595,1734,杏輝,上市,16.1,51.1,12.7,生技醫療業,李志文
596,2472,立隆電,上市,15.4,50.9,13.7,電子零組件業,吳德銓
597,2540,愛山林,上市,14.7,50.8,25.4,建材營造業,祝文宇
598,1459,聯發,上市,35.9,50.7,20.6,紡織纖維,葉清澤
599,5301,寶得利,上櫃,8.4,50.6,24.9,貿易百貨業,張雅琍
600,4746,台耀,上市,8.51,50.1,4.2,生技醫療業,程正禹
601,2530,華建,上市,27.1,50,19.6,建材營造業,林文亮
602,2421,建準,上市,25.1,49.7,14.7,電子零組件業,洪銀樹
603,2031,新光鋼,上市,27.9,49.6,14.7,鋼鐵工業,粟明德
604,1416,廣豐,上市,29.3,49.6,39.1,紡織纖維,賀鳴玉
605,3617,碩天,上市,8.06,49.6,5.4,其他電子業,郭瑾
606,1231,聯華食,上市,14.8,49.5,19.6,食品工業,李開源
607,2481,強茂,上市,38.8,49.5,13.7,半導體業,方敏清
608,8261,富鼎,上市,18.2,49.4,5.4,半導體業,鄧富吉
609,2430,燦坤,上市,16.7,49.4,14.7,電子通路業,閻俊傑
610,1256,F-鮮活,上櫃,2.47,49.4,2.7,食品工業,黃國晃
611,1733,五鼎,上市,9.85,49.4,13.7,生技醫療業,沈燕士
612,3015,全漢,上市,23.4,49.2,12.6,電子零組件業,王宗舜
613,1737,臺鹽,上市,20,49.2,11.5,食品工業,楊秋興
614,6143,振曜,上櫃,8.33,49.1,13.3,通信網路業,呂俊德
615,8908,欣雄,上櫃,12.4,49,18.3,油電燃氣業,朱坤塗
616,9934,成霖,上市,35.4,48.9,14.7,其他業,歐陽明
617,3048,益登,上市,17.6,48.6,12.6,電子通路業,曾禹旖
618,4119,旭富,上市,6.97,48.4,11.4,生技醫療業,翁維駿
619,4745,F-合富,上櫃,5.63,48.4,2.3,生技醫療業,王瓊芝
620,3078,僑威,上櫃,22.7,48.1,10.3,電子零組件業,潘君威
621,2369,菱生,上市,38,47.9,17.1,半導體業,葉樹泉
622,3083,網龍,上櫃,8.57,47.8,11.5,資訊服務業,王俊博
623,5288,F-豐祥,上市,6.45,47.8,0.7,電機機械,游明輝
624,3645,達邁,上市,11.7,47.7,3.6,電子零組件業,鄧維楨
625,8437,F-大地,上櫃,3.26,47.2,0,其他業,程釱坤
626,8042,金山電,上櫃,10.5,47.2,11.2,電子零組件業,江士勳
627,3685,政翔,上櫃,8,46.9,4.5,光電業,李昭霈
628,1219,福壽,上市,31.3,46.8,24.5,食品工業,洪堯昆
629,4549,桓達,上櫃,3.7,46.8,0.5,電機機械,吳清德
630,8383,千附,上櫃,11.8,46.6,10.7,其他電子業,張瓊如
631,9944,新麗,上市,10.6,46.6,12.7,其他業,簡瑞瑞
632,1225,福懋油,上市,21.9,46,21.7,食品工業,黃勳高
633,5525,順天,上市,24.6,45.9,10.5,建材營造業,柯興樹
634,8101,華冠,上市,41.9,45.8,10.9,通信網路業,李森田
635,2363,矽統,上市,61.4,45.8,17.8,半導體業,簡誠謙
636,4506,崇友,上櫃,19.7,45.8,17.5,電機機械,唐松章
637,2476,鉅祥,上市,18,45.8,13.7,電子零組件業,林於晃
638,6182,合晶,上櫃,38.3,45.8,13,半導體業,焦平海
639,2466,冠西電,上市,14.4,45.8,13.7,光電業,蔡乃成
640,4934,太極,上市,27.7,45.8,5.2,光電業,謝清福
641,3388,崇越電,上櫃,6.44,45.6,9.2,電子零組件業,翁俊明
642,2852,第一保,上市,30.1,45.6,14.5,保險業,李正漢
643,4114,健喬,上櫃,12.2,45.6,12,生技醫療業,林智暉
644,6021,大慶證,上櫃,30.7,45.6,12.1,證券業,莊隆慶
645,1108,幸福,上市,40.5,45.5,25,水泥工業,陳兩傳
646,3583,辛耘,上市,8.11,45.4,2.2,半導體業,謝宏亮
647,2012,春雨,上市,28.8,45.3,23.6,鋼鐵工業,林輝政
648,2459,敦吉,上市,11.4,45.3,13.7,電子通路業,鍾正宏
649,8433,弘帆,上櫃,5.26,45.1,2.4,貿易百貨業,朱鵬飛
650,6191,精成科,上市,53.2,44.9,7.6,電子零組件業,焦佑衡
651,2233,宇隆,上櫃,4.92,44.9,3.5,電機機械,劉俊昌
652,3518,柏騰,上市,8.51,44.8,7.5,其他電子業,陳在樸
653,4161,聿新科,上櫃,5.09,44.7,1.9,生技醫療業,楊金昌
654,2495,普安,上市,28.4,44.6,13.2,其他電子業,羅仕東
655,4911,德英,上櫃,5.5,44.6,4.2,生技醫療業,郭國華
656,8112,至上,上市,28.6,44.5,7.4,電子通路業,葛均
657,1473,台南,上市,14.7,44.4,14.7,紡織纖維,楊青峰
658,4432,銘旺實,上櫃,4.82,44.3,2.5,紡織纖維,陳國雄
659,3272,東碩,上櫃,3.66,44.3,0.7,電腦及週邊設備業,曹賜正
660,1902,台紙,上市,40.2,44.2,53.3,造紙工業,簡鴻文
661,3541,西柏,上櫃,3.86,44.2,5.4,其他電子業,楊全彬
662,6022,大眾證,上櫃,37.8,44.2,9.7,證券業,陳田稻
663,3383,新世紀,上市,34.3,44,7.4,光電業,鍾寬仁
664,6187,萬潤,上櫃,8.04,43.8,12.7,其他電子業,盧鏡來
665,6020,大展證,上櫃,25.2,43.8,12.3,證券業,李玉萍
666,3311,閎暉,上市,18.9,43.6,11.2,通信網路業,宋恭源
667,1452,宏益,上市,13.3,43.5,22.4,紡織纖維,施振榮
668,4952,凌通,上市,10.9,43.4,3.6,半導體業,黃洲杰
669,3090,日電貿,上市,15.9,43.3,7.4,電子零組件業,黃仁虎
670,4726,永昕,上櫃,11.1,43.3,1.4,生技醫療業,林榮錦
671,3051,力特,上市,32.5,43.3,12.6,光電業,趙寄蓉
672,2535,達欣工,上市,22,43.3,19.2,建材營造業,王人正
673,8446,華研,上櫃,3.54,43.2,1.4,其他業,呂燕清
674,2640,大車隊,上櫃,4.21,43.2,2.5,其他業,林村田
675,1626,F-艾美,上市,12.3,43,2.2,電器電纜,鄭立平
676,1218,泰山,上市,35.3,42.9,25.5,食品工業,詹岳霖
677,6196,帆宣,上市,16.5,42.9,11,其他電子業,高新明
678,3598,奕力,上市,7.2,42.9,4.4,半導體業,黃啟模
679,8436,大江,上櫃,5.56,42.9,1.7,生技醫療業,楊武男
680,6124,業強,上櫃,18.2,42.7,13.2,電子零組件業,陳鈞華
681,4126,太醫,上櫃,6.6,42.6,11.3,生技醫療業,鍾仁
682,2478,大毅,上市,26.4,42.3,13.7,電子零組件業,江財寶
683,8266,中日新,上櫃,10,42.3,10.6,光電業,許庭禎
684,8021,尖點,上市,15.9,42.3,7.3,其他電子業,林序庭
685,4999,鑫禾,上市,7.44,42.2,2,電子零組件業,蘇丁鴻
686,8996,高力,上市,8.13,42.1,1.3,電機機械,韓顯壽
687,3028,增你強,上市,21.4,42,12.7,電子通路業,周友義
688,5511,德昌,上櫃,15.2,41.9,16.5,建材營造業,黃政勇(格正投資股份)
689,3491,昇達科,上櫃,5.11,41.9,7.4,通信網路業,陳淑敏
690,1519,華城,上市,26.1,41.9,18.1,電機機械,許忠明
691,3689,湧德,上櫃,6.97,41.9,2.6,電子零組件業,陳伯榕
692,3484,崧騰,上櫃,6.11,41.7,7.5,電子零組件業,張俊雲
693,1603,華電,上市,34.2,41.6,47,電器電纜,陳金鋑
694,8916,光隆,上櫃,10.5,41.6,16.1,其他業,詹賀博
695,5515,建國,上市,35.5,41.5,11.6,建材營造業,陳啟德
696,8105,凌巨,上市,44.2,41.5,8.4,光電業,林盛昌
697,3057,喬鼎,上市,16.1,41.5,12.4,電腦及週邊設備業,李志恩
698,5225,F-東科,上市,6.08,41.4,2.5,其他電子業,劉政林
699,2314,台揚,上市,33.5,41.4,24.8,通信網路業,謝其嘉
700,1533,車王電,上市,9.48,41.3,14.1,電機機械,蔡裕慶
701,1233,天仁,上市,9.06,41.1,16.3,食品工業,李明星
702,4944,兆遠,上櫃,21,41,4,光電業,姚宕梁
703,2722,夏都,上市,8.92,41,3.2,觀光事業,陳溪圳
704,5604,中連貨,上櫃,10.9,40.9,18,航運業,蘇南州
705,6139,亞翔,上市,18.8,40.9,11.7,其他電子業,姚祖驤
706,6183,關貿,上市,15,40.8,3.5,資訊服務業,施明豪
707,2705,六福,上市,33,40.8,26.4,觀光事業,莊村徹
708,8121,越峰,上櫃,18.2,40.7,10.3,電子零組件業,吳亦圭
709,3372,典範,上櫃,40.2,40.7,9.4,半導體業,束崇萬
710,1531,高林股,上市,19.3,40.6,14.7,電機機械,林郁文
711,1611,中電,上市,39.8,40.4,25.3,電器電纜,周麗真
712,3428,光燿科,上櫃,9.47,40.3,3,光電業,郭台強
713,8271,宇瞻,上市,15.2,40.3,4.4,半導體業,陳益世
714,2426,鼎元,上市,27.6,40.3,14.7,光電業,傅佩文
715,6245,立端,上櫃,9.08,40.1,12,通信網路業,周逸文
716,3556,禾瑞亞,上櫃,5.34,40,7.1,半導體業,蘇明陽
717,4977,F-眾達,上市,5.05,40,1.5,通信網路業,陳靖仁
718,1786,科妍,上市,5.35,40,1.5,生技醫療業,韓開程
719,1457,宜進,上市,33.5,39.9,20.6,紡織纖維,詹正田
720,4942,嘉彰,上市,15.2,39.8,3.9,光電業,宋貴修
721,2066,世德,上櫃,3.6,39.6,1.7,電機機械,陳光裕
722,4108,懷特,上市,16.4,39.1,6.8,生技醫療業,李成家
723,4168,醣聯,上櫃,7.7,39,2.4,生技醫療業,張東玄
724,2388,威盛,上市,49.3,39,16.2,半導體業,王雪紅
725,4991,F-環宇,上櫃,4.53,38.5,0.7,半導體業,黃大倫
726,3013,晟銘電,上市,18,38.3,12.7,電腦及週邊設備業,林木和
727,8109,博大,上櫃,6,38.2,10.2,電子零組件業,廖本崇
728,2480,敦陽科,上市,13.3,38.2,13.7,資訊服務業,梁修宗
729,5234,達興,上市,9.34,38.1,2.8,光電業,林正一
730,1217,愛之味,上市,48.7,38.1,25.6,食品工業,陳哲芳
731,6284,佳邦,上櫃,10.2,37.8,10.9,電子零組件業,鄭敦仁
732,1806,冠軍,上市,43.7,37.8,22.6,玻璃陶瓷,林榮德
733,3289,宜特,上櫃,4.6,37.8,10.4,其他電子業,余維斌
734,9931,欣高,上市,10.2,37.7,15.2,油電燃氣業,陳田錨
735,1446,宏和,上市,13.9,37.5,23.6,紡織纖維,黃大功
736,4535,至興,上櫃,7.57,37.4,12.1,電機機械,吳崇儀
737,8431,匯鑽科,上櫃,4.18,37.2,0.1,其他電子業,李素白
738,8091,翔名,上櫃,5.15,37.2,10.9,電子零組件業,吳宗豐
739,4106,雃博,上市,8.34,37.1,10.5,生技醫療業,雅勝 代表人:韓春菊
740,2115,F-六暉,上市,7.45,37,1.4,橡膠工業,吳金鹿
741,2437,旺詮,上市,6.08,37,14.7,電子零組件業,廖震益
742,8011,台通,上市,10.4,36.9,3.7,通信網路業,李慶煌
743,3163,波若威,上櫃,7.18,36.9,2.5,通信網路業,吳國精
744,5521,工信,上市,34.8,36.8,2.4,建材營造業,陳煌銘
745,3131,弘塑,上櫃,2.47,36.8,4.3,其他電子業,張鴻泰
746,6263,普萊德,上櫃,6.13,36.8,11.7,通信網路業,陳清港
747,3226,至寶電,上櫃,6.44,36.7,10.9,電子零組件業,周青麟
748,3679,新至陞,上市,8.03,36.7,3.6,電子零組件業,陳標福
749,3686,達能,上市,35,36.7,4.8,半導體業,趙元山
750,2642,宅配通,上市,9.55,36.7,1.4,航運業,邱純枝
751,4153,鈺緯,上櫃,3.13,36.3,2,生技醫療業,陳國森
752,6015,宏遠證,上櫃,42.7,36.3,18.8,證券業,柳漢宗
753,8072,陞泰,上市,10,36.2,9.8,光電業,陳世忠
754,2509,全坤建,上市,15.2,36,27,建材營造業,李勇毅
755,8931,大汽電,上櫃,10.7,36,14,油電燃氣業,蔡文魁
756,2457,飛宏,上市,27.8,36,13.7,電子零組件業,林中民
757,1609,大亞,上市,57.2,35.8,26.4,電器電纜,沈尚弘
758,1530,亞崴,上市,9.2,35.7,14.7,電機機械,楊德華
759,2020,美亞,上市,25.9,35.6,22.1,鋼鐵工業,黃春發
760,8103,瀚荃,上市,7.66,35.6,5.6,電子零組件業,楊超群
761,2419,仲琦,上市,23.2,35.4,14.7,通信網路業,鄭炎為
762,8450,霹靂,上櫃,4.39,35.4,0.6,文化創意業,黃文章
763,6290,良維,上櫃,13.5,35.1,10,電子零組件業,李淳正
764,3305,昇貿,上市,12.1,34.9,6.9,其他電子業,李三蓮
765,3416,融程電,上市,6.02,34.9,0.3,電腦及週邊設備業,李益仁
766,6298,崴強,上櫃,16.9,34.7,9.2,電腦及週邊設備業,郭台強
767,1592,F-英瑞,上市,10,34.6,0.6,電機機械,翁文鍾
768,4930,燦星網,上市,13.4,34.6,4.9,電器電纜,楊文芳
769,3605,宏致,上市,12.4,34.5,6.2,電子零組件業,袁万丁
770,2030,彰源,上市,27.3,34.5,16.4,鋼鐵工業,張炳耀
771,4965,商店街,上櫃,1.96,34.4,4.1,資訊服務業,詹宏志
772,3056,總太,上市,17.3,34.3,12.2,建材營造業,吳錫坤
773,1810,和成,上市,37,34.2,23.6,玻璃陶瓷,邱立堅
774,6111,大宇資,上櫃,4.56,34.2,13.8,資訊服務業,œ俊光
775,2009,第一銅,上市,36,34.1,25.6,鋼鐵工業,吳賢明
776,1788,杏昌,上櫃,3.5,33.7,5.8,生技醫療業,黃日華
777,3209,全科,上市,10.4,33.6,6.5,電子通路業,王木聰
778,5536,聖暉,上櫃,4.66,33.6,4.5,其他電子業,梁進利
779,1752,南光,上櫃,8.92,33.5,5.8,生技醫療業,陳立賢
780,1612,宏泰,上市,32.4,33.4,22,電器電纜,潘武雄
781,2348,海悅,上市,8.56,33.4,19.4,電子通路業,黃希文
782,4703,揚華,上櫃,6.12,33.3,19.1,光電業,林美惠
783,8416,實威,上櫃,2.56,33.1,2.7,資訊服務業,李建興
784,4739,康普,上櫃,6.16,33,3.5,化學工業,何基丞
785,2484,希華,上市,15.9,33,13.7,電子零組件業,曾穎堂
786,6185,幃翔,上櫃,10.9,32.9,12.8,電子零組件業,陳文鏗
787,1437,勤益控,上市,20.3,32.8,26.5,半導體業,顧肇基
788,2493,揚博,上市,11.4,32.7,13.3,電子零組件業,蘇勝義
789,4912,F-聯德,上市,3.81,32.7,0,電子零組件業,徐啟峰
790,6168,宏齊,上市,20.5,32.7,11.7,光電業,汪秉龍
791,6128,上福,上市,9.11,32.7,11.9,電腦及週邊設備業,王瑞宏
792,2911,麗嬰房,上市,21.1,32.6,18.3,貿易百貨業,王國城
793,6203,海韻電,上櫃,8,32.5,12.4,電子零組件業,張正宗
794,3591,艾笛森,上市,13.5,32.5,4.5,光電業,吳建榮
795,4113,聯上,上櫃,14.5,32.3,11.8,建材營造業,蘇永義
796,6125,廣運,上櫃,25.4,32.3,13.3,光電業,謝清褔
797,1309,台達化,上市,32.8,32.2,28.9,塑膠工業,吳亦圭
798,1463,強盛,上市,17.3,32.2,18.5,紡織纖維,陳壬發
799,2414,精技,上市,16.2,32.1,14.7,電子通路業,葉國筌
800,3257,虹冠電,上市,5.53,32.1,4.2,半導體業,劉大光
801,8249,菱光,上市,12.7,32.1,10,電子零組件業,黃育仁
802,3479,安勤,上櫃,6.83,32,5,電腦及週邊設備業,劉琍綺
803,2365,昆盈,上市,30.3,32,17.5,電腦及週邊設備業,卓世坤
804,3052,夆典,上市,22.4,31.9,19.5,建材營造業,郭國華
805,6411,晶焱,上櫃,6.29,31.8,1.2,半導體業,如宏投資(股)有限公司代表人李俊昌
806,6024,群益期,上櫃,12,31.6,6.1,證券業,孫天山
807,6195,詩肯,上櫃,4.4,31.3,12.6,貿易百貨業,林福勤
808,1517,利奇,上市,22.8,31.3,19.5,電機機械,林阿平
809,2477,美隆電,上市,23.9,31.3,13.7,其他電子業,吳維忠
810,3624,光頡,上櫃,11.7,31.3,4.2,電子零組件業,黃勇強
811,2235,謚源,上櫃,3.19,31.2,0.4,電機機械,吳碣石
812,2906,高林,上市,21.2,31.2,25.4,貿易百貨業,李錫祿
813,6509,聚和,上櫃,16.7,31.1,11.1,化學工業,郭聰田
814,2486,一詮,上市,20.5,31,13.7,光電業,周萬順
815,4702,中美實,上櫃,20,31,20.1,化學工業,趙元旗
816,2359,所羅門,上市,17.1,30.9,18.4,其他電子業,陳政隆
817,6136,富爾特,上市,11.6,30.8,11.7,通信網路業,賴如鎧
818,4971,F-IET,上櫃,3.18,30.8,1.8,半導體業,康潤生
819,5706,鳳凰,上市,6.11,30.8,3.6,觀光事業,張巍耀
820,6212,理銘,上櫃,10.2,30.6,12.4,建材營造業,曾森縣
821,6209,今國光,上市,16.3,30.6,10.5,光電業,陳慶棋
822,3628,盈正,上櫃,4.5,30.5,4.7,其他電子業,許文
823,3213,茂訊,上櫃,5.87,30.3,10.6,電腦及週邊設備業,沈頤同
824,5480,統盟,上櫃,19.9,30.3,14.1,電子零組件業,徐正民
825,5474,聰泰,上櫃,3.37,30.2,14.2,電腦及週邊設備業,陳立民
826,6251,定穎,上市,28.6,30.2,6.2,電子零組件業,黃銘宏
827,8938,明安,上櫃,13.4,30,12.5,其他業,鄭錫潛
828,5285,界霖,上市,6.8,30,1.2,半導體業,蔡上元
829,2636,台驊,上櫃,10.1,30,6.1,航運業,顏益財
830,4417,金洲,上櫃,7.99,29.9,14.5,紡織纖維,陳加仁
831,5272,笙科,上櫃,4.64,29.5,2,半導體業,曾三田
832,5514,三豐,上櫃,15.4,29.4,16.4,建材營造業,藍麗華
833,2022,聚亨,上市,54.7,29.4,20.2,鋼鐵工業,黃文松
834,3229,晟鈦,上市,9.35,29.3,5.4,電子零組件業,巫盈助
835,5519,隆大,上市,17.2,29.2,1.3,建材營造業,陳武聰
836,2467,志聖,上市,15.9,29.2,13.7,電子零組件業,梁茂生
837,1432,大魯閣,上市,16.4,29.2,32.8,紡織纖維,林曼麗
838,1417,嘉裕,上市,38,29.1,38.4,紡織纖維,戚維功
839,1323,永裕,上市,9.13,29.1,14.7,塑膠工業,王威程
840,4933,友輝,上櫃,7.82,29,5.1,光電業,吳東昇
841,3573,穎台,上市,14,29,5.7,光電業,黃建豐
842,5309,系統電,上櫃,19.2,28.9,19.2,電子零組件業,李益仁
843,3661,F-世芯,上市,6.38,28.9,4.4,半導體業,關建英
844,3701,大眾控,上市,32.1,28.9,10.7,電腦及週邊設備業,簡明仁
845,2405,浩鑫,上市,34.8,28.6,15.2,電腦及週邊設備業,余宏輝
846,5607,遠雄港,上市,17,28.6,10.5,航運業,葉鈞耀
847,3299,帛漢,上櫃,5.04,28.4,9.8,電子零組件業,友佳投資有限公司
848,6138,茂達,上櫃,10,28.4,13.3,半導體業,陳善南
849,1467,南緯,上市,21,28.4,16.4,紡織纖維,林瑞岳
850,2007,燁興,上市,63.1,28.4,26.6,鋼鐵工業,吳林茂
851,8925,偉盟,上櫃,36.5,28.3,15.2,其他業,林淵泉
852,1817,凱撒衛,上市,7.26,28.1,1.6,玻璃陶瓷,蕭俊祥
853,6112,聚碩,上市,9.17,27.9,11.8,資訊服務業,吳祚綏
854,3031,佰鴻,上市,19.7,27.9,12.7,光電業,廖宗仁
855,1436,華友聯,上市,6,27.8,27.1,建材營造業,陸炤廷
856,2008,高興昌,上市,27.5,27.8,26.4,鋼鐵工業,呂泰榮
857,6108,競國,上市,16,27.8,6.4,電子零組件業,曹月霞
858,4129,聯合,上櫃,5.6,27.8,10.6,生技醫療業,林延生
859,4974,亞泰,上櫃,6.2,27.7,3.5,電子零組件業,賴以仁
860,8287,英格爾,上櫃,13,27.7,10.4,電子零組件業,張志榮
861,1595,川寶,上櫃,3.87,27.7,3.6,電子零組件業,張鴻明
862,2616,山隆,上市,11.3,27.6,17.5,油電燃氣業,鄭文明
863,4205,中華食,上櫃,7.27,27.4,16.3,食品工業,陳民權
864,3068,美磊,上櫃,8.54,27.3,7.1,通信網路業,蔡茂禎
865,1236,宏亞,上市,10.8,27.2,13.7,食品工業,張豪城
866,4909,新復興,上櫃,9.34,27.1,12.5,通信網路業,張永輝
867,4737,華廣,上市,5.14,27,4.4,生技醫療業,黃椿木
868,9906,欣巴巴,上市,7,27,24.4,其他業,"黃""火冏""輝"
869,3167,大量,上市,7.27,26.9,1.6,電機機械,王作京
870,9919,康那香,上市,19.7,26.9,20.5,其他業,戴榮吉
871,2732,六角,上櫃,2.66,26.9,0.3,觀光事業,王耀輝
872,6219,富旺,上櫃,15,26.9,12.2,建材營造業,林正雄
873,2924,F-東凌,上櫃,3.51,26.7,3.5,貿易百貨業,林寶霞
874,3559,全智科,上市,11.9,26.7,6.6,半導體業,胡定華
875,8077,冠華,上櫃,5.03,26.7,10.5,光電業,謝憲治
876,3040,遠見,上市,6.3,26.6,12.7,電子通路業,黃洲杰
877,1725,元禎,上市,18.3,26.6,14.7,化學工業,徐振隆
878,4722,國精化,上市,8.82,26.5,2.8,化學工業,蔡有涼
879,2423,固緯,上市,13.2,26.2,14.7,其他電子業,林錦章
880,5609,中菲行,上櫃,12.9,25.9,13.6,航運業,錢堯懷
881,8240,華宏,上櫃,10,25.8,9.9,光電業,張瑞欽
882,3551,世禾,上櫃,5.75,25.8,7.1,其他電子業,陳學聖
883,1713,國化,上市,15.1,25.6,25.3,化學工業,曹木生
884,2537,聯上發,上市,24.8,25.5,18.7,建材營造業,蘇永義
885,3680,家登,上櫃,6.25,25.5,3.7,半導體業,邱銘乾
886,3259,鑫創,上櫃,7.09,25.4,7.4,半導體業,林俊宏
887,1762,中化生,上市,7.76,25.4,4.4,生技醫療業,王勳聖
888,6238,勝麗,上櫃,4.01,25.3,12.1,其他電子業,劉福洲
889,3055,蔚華科,上市,13.2,25.3,12.4,電子通路業,許宗賢
890,3631,晟楠,上櫃,7.8,25.2,4.4,電子零組件業,林朝榮
891,6508,惠光,上櫃,7.78,25.1,11.2,塑膠工業,陳榮東
892,6449,鈺邦,上市,7.32,25,0.5,電子零組件業,鄭敦仁
893,1809,中釉,上市,19,25,19.1,玻璃陶瓷,蔡憲宗
894,2338,光罩,上市,26.3,25,20.1,半導體業,陳碧灣
895,6131,悠克,上市,9.75,24.8,10.7,光電業,王進祥
896,3144,新揚科,上櫃,10.1,24.7,10.4,電子零組件業,劉吉雄
897,3004,豐達科,上市,5.26,24.6,13.2,鋼鐵工業,蔡豐賜
898,3630,新鉅科,上櫃,10.2,24.6,5.1,光電業,鄭勝全
899,4139,F-馬光,上櫃,3.15,24.6,4.1,生技醫療業,黃博聞
900,5905,南仁湖,上櫃,20.5,24.5,11.9,貿易百貨業,李清波
901,1506,正道,上市,12.2,24.4,34.8,電機機械,郭建廷
902,8403,盛弘,上櫃,5.88,24.4,4.2,生技醫療業,楊弘仁
903,4192,杏國,上櫃,5.84,24.3,0.6,生技醫療業,李志文
904,2543,皇昌,上市,24.2,24.3,15.6,建材營造業,江程金
905,2461,光群雷,上市,15.7,24.2,13.7,其他電子業,郭維武
906,2712,遠雄來,上市,10.5,24.2,1.5,觀光事業,洪賢德
907,5230,雷笛克,上櫃,4.49,24.1,3,光電業,唐德龍
908,2425,承啟,上市,10.9,24.1,14.7,電腦及週邊設備業,高樹榮
909,3622,洋華,上市,15.1,24.1,6.2,光電業,白志強
910,2483,百容,上市,11.3,23.9,13.7,電子零組件業,廖本林
911,8107,大億科,上櫃,11.5,23.6,9.5,光電業,吳俊億
912,6207,雷科,上櫃,8.4,23.5,12.4,電子零組件業,鄭再興
913,8933,愛地雅,上櫃,14.9,23.5,14.2,其他業,張元賓
914,4755,三福化,上市,8.92,23.4,1.5,化學工業,巫信弘
915,5215,F-科嘉,上市,5.43,23.3,3.4,電腦及週邊設備業,林志峰
916,6201,亞弘電,上市,8.92,23.3,10.7,其他電子業,黃晉益
917,6609,瀧澤科,上櫃,7.1,23.2,11.7,電機機械,米本勝行
918,3694,海華,上市,13,23.2,4.1,通信網路業,徐世昌
919,3032,偉訓,上市,10.3,23.1,12.7,電子零組件業,柯吉源
920,3363,上詮,上櫃,7.6,23,4.2,通信網路業,林松福
921,5443,均豪,上櫃,17,22.9,17.3,光電業,葉勝發
922,1777,生泰,上櫃,3.01,22.8,9.6,生技醫療業,范進財
923,2901,欣欣,上市,7.3,22.8,39,貿易百貨業,吳有明
924,5013,強新,上櫃,10.1,22.8,15,鋼鐵工業,吳玉堂
925,3294,英濟,上櫃,13,22.8,8.1,電子零組件業,徐文麟
926,3587,閎康,上櫃,4.63,22.7,5.8,其他電子業,吳東明
927,6173,信昌電,上櫃,18.5,22.7,13.1,電子零組件業,焦佑衡
928,3047,訊舟,上市,19.9,22.7,12.7,通信網路業,任冠生
929,2431,聯昌,上市,11.1,22.6,14.7,電子零組件業,黃育仁
930,6210,慶生,上櫃,3.5,22.4,12.3,電子零組件業,王年和
931,4138,曜亞,上櫃,3,22.4,4.4,生技醫療業,傅輝東
932,2462,良得電,上市,10.5,22.4,13.7,電子零組件業,謝國雄
933,3528,安馳,上櫃,5.49,22.3,4,電子通路業,李瑞西
934,3623,富晶通,上櫃,5.86,22.3,5.1,光電業,翁明顯
935,3054,萬國,上市,10.8,22.2,12.5,半導體業,陳立青
936,6216,居易,上市,7.71,22.2,10.7,通信網路業,簡俊賢
937,5465,富驊,上櫃,14.4,22.2,14.5,電腦及週邊設備業,張永達
938,3094,聯傑,上市,8.33,22.2,7.8,半導體業,郝挺
939,8928,鉅明,上櫃,5.09,22.2,14.3,其他業,林進能
940,6422,F-君耀,上市,3.49,22.1,0.4,電子零組件業,龐君勉
941,8064,東捷,上櫃,13.3,22.1,8.7,光電業,嚴瑞雄
942,4414,如興,上市,13.2,22,10.7,紡織纖維,陳仕修
943,3164,景岳,上市,8.89,21.8,5.2,生技醫療業,陳根德
944,3494,誠研,上市,17.9,21.8,7.4,電腦及週邊設備業,光風投資代表黃健華
945,8066,來思達,上櫃,2.11,21.8,10.4,貿易百貨業,馮周金鑾
946,6205,詮欣,上市,7.18,21.7,7.3,電子零組件業,吳榮春
947,8096,擎亞,上櫃,12.2,21.7,10.9,電子通路業,李熙俊
948,3563,牧德,上櫃,4.26,21.6,4.4,其他電子業,汪光夏
949,4707,磐亞,上櫃,21.5,21.6,17,化學工業,王貴鋒
950,3338,泰碩,上市,6.98,21.6,1.4,電子零組件業,余清松
951,1799,紅電醫,上櫃,6.54,21.5,6.5,生技醫療業,李世仁
952,4510,高鋒,上櫃,10.8,21.5,17.2,電機機械,沈國榮
953,5395,圓方,上櫃,6.16,21.5,15.7,觀光事業,徐翊銘
954,6179,亞通,上櫃,5.02,21.5,13,其他電子業,慶啟本
955,8924,大田,上櫃,12.1,21.5,15.3,其他業,李孔文
956,6217,中探針,上櫃,5.1,21.5,12.4,電子零組件業,陳志峰
957,2017,官田鋼,上市,38.5,21.4,22.6,鋼鐵工業,汪振澤
958,3064,泰偉,上櫃,7.26,21.4,11,其他電子業,楊南平
959,8905,裕國,上櫃,11.9,21.4,19.3,其他業,楊連發
960,1597,直得,上櫃,5.9,21.4,2.4,電機機械,陳麗芬
961,8426,F-紅木,上櫃,4.83,21.3,3.4,其他業,蘇聰明
962,1724,台硝,上市,12.8,21.3,20.1,化學工業,林宏信
963,1325,恆大,上市,10,21.3,14.7,塑膠工業,黃美慧
964,3584,介面,上市,14.1,21.3,4.8,光電業,葉裕洲
965,1259,安心,上櫃,3.24,21.3,3.4,觀光事業,黃茂雄
966,2417,圓剛,上市,19.9,21.2,14.7,電腦及週邊設備業,郭重松
967,5426,振發,上櫃,14.4,21.2,15.3,電腦及週邊設備業,蔡陳美麗
968,4527,方土霖,上櫃,7.62,21.2,14.6,電機機械,曾仲國
969,1466,聚隆,上市,11.1,21.2,17.1,紡織纖維,周文東
970,4987,科誠,上櫃,2.4,21.1,3.2,電腦及週邊設備業,戴奉義
971,8358,金居,上櫃,21.1,21.1,4.7,電子零組件業,宋恭源
972,6404,F-通訊,上櫃,3.79,21,0.8,資訊服務業,林維鈞
973,4533,協易機,上櫃,16,20.9,13.1,電機機械,郭雅慧
974,4430,耀億,上櫃,5.63,20.7,4,其他業,王昭仁
975,4175,杏一,上櫃,2.52,20.7,1.1,生技醫療業,陳麗如
976,1783,和康生,上市,7.05,20.7,1.4,生技醫療業,徐立德
977,3218,大學光,上櫃,6.61,20.6,10.5,生技醫療業,歐淑芳
978,3687,歐買尬,上櫃,3.01,20.6,4.4,資訊服務業,林一泓
979,8443,阿瘦,上市,6.68,20.6,0.7,貿易百貨業,羅榮岳
980,6405,悅城,上市,6.58,20.5,1.5,光電業,黃睿豪
981,3523,迎輝,上櫃,9.61,20.5,7.5,光電業,唐世杰
982,2443,新利虹,上市,14.6,20.3,14.4,電子零組件業,黃明和
983,3527,聚積,上櫃,3.27,20.2,7.6,半導體業,楊立昌
984,3594,磐儀,上櫃,5.61,20.2,2,電腦及週邊設備業,李明
985,3141,晶宏,上櫃,10,20.2,1.2,半導體業,徐豫東
986,3058,立德,上市,17.2,20.1,12.5,電子零組件業,包忠詒
987,3323,加百裕,上櫃,9.5,20,7.9,電腦及週邊設備業,黃世明
988,3296,勝德,上市,11.2,20,7.4,電子零組件業,周義雄
989,2460,建通,上市,17.2,20,13.7,電子零組件業,蘇中宏
990,4905,台聯電,上櫃,5.12,20,13.5,通信網路業,睿進科技顧問股份有限公司
991,4541,晟田,上櫃,5.41,20,0.8,其他業,謝永昌
992,3362,先進光,上櫃,9.34,19.9,9.7,光電業,林忠和
993,1618,合機,上市,24.1,19.9,14.7,電器電纜,楊碧綺
994,3332,幸康,上櫃,4.81,19.8,7.3,電子零組件業,周禮復
995,8054,安國,上櫃,8.21,19.7,10.5,半導體業,張琦棟
996,1316,上曜,上市,17,19.7,22.6,化學工業,張祐銘
997,3228,金麗科,上櫃,6.23,19.6,10.2,半導體業,易建男
998,1731,美吾華,上市,13.3,19.5,13.7,生技醫療業,李成家
999,1568,倉佑,上市,10.3,19.5,1,電機機械,鄧惠哲
1000,3707,漢磊,上櫃,16.3,19.4,0.6,半導體業,黃民奇
1001,4908,前鼎,上櫃,7.77,19.3,13.2,通信網路業,葉政彥
1002,2904,匯僑,上市,6.9,19.3,32.4,其他業,廖述群
1003,4133,亞諾法,上市,5.95,19.2,5.4,生技醫療業,黃韋伯
1004,1540,喬福,上市,8.55,19.2,12.7,電機機械,林聖明
1005,4916,事欣科,上市,6.79,19.2,1.5,電腦及週邊設備業,廖文嘉
1006,1727,中華化,上市,10.5,19.2,14.7,化學工業,干文元
1007,5520,力泰,上櫃,7.1,19.2,15.6,建材營造業,吳良材
1008,3390,旭軟,上櫃,6.51,19.1,9.2,電子零組件業,林於晃
1009,6152,百一,上市,17.2,19.1,5.5,通信網路業,許錦輝
1010,6194,育富,上櫃,10,19,12.5,電子零組件業,劉永幹
1011,5284,F-jpp,上櫃,3.38,19,0.6,其他業,王文山
1012,9955,佳龍,上市,10.3,18.9,7.3,其他業,吳耀勳
1013,1514,亞力,上市,20.1,18.9,21.2,電機機械,李文
1014,8048,德勝,上櫃,5.27,18.9,5.7,通信網路業,林坤銘
1015,4976,佳凌,上市,10.6,18.9,2.5,光電業,劉嘉彬
1016,3290,東浦,上櫃,9.95,18.8,10,通信網路業,黃燈財
1017,6234,高僑,上櫃,7.14,18.8,12.2,光電業,李義隆
1018,6155,鈞寶,上市,8.4,18.7,8.8,電子零組件業,楊正利
1019,4207,環泰,上櫃,16.9,18.7,15.3,食品工業,康國鋒
1020,3339,泰谷,上櫃,27.5,18.7,8.9,光電業,葉寅夫
1021,1220,台榮,上市,17.7,18.7,23.5,食品工業,陳維讓
1022,5206,坤悅,上櫃,15,18.7,13.6,建材營造業,陳世坤
1023,2413,環科,上市,12.7,18.7,14.7,電子零組件業,歐正明
1024,1784,訊聯,上櫃,4.97,18.6,7.8,生技醫療業,蔡政憲
1025,2516,新建,上市,23.6,18.6,22,建材營造業,鄒宏基
1026,1410,南染,上市,7.2,18.6,41.6,紡織纖維,何  鈞
1027,3455,由田,上櫃,6.11,18.6,7.4,光電業,鄒嘉駿
1028,5491,連展,上櫃,21.7,18.5,14.2,電子零組件業,林肇聰
1029,4956,光鋐,上市,10,18.5,3.6,光電業,洪水樹
1030,3038,全台,上市,22.6,18.3,12.7,光電業,曾瑞銘
1031,1539,巨庭,上市,6.54,18.3,12.6,電機機械,莊博彥
1032,1566,捷邦,上櫃,6.69,18.3,4.4,電機機械,胡湘麒
1033,2546,根基,上市,10.6,18.2,14.7,建材營造業,馬玉山
1034,3029,零壹,上市,9.47,18.2,12.7,資訊服務業,林嘉勳
1035,6186,新潤,上櫃,6.52,18.2,12.8,建材營造業,黃文辰
1036,3466,致振,上櫃,6.14,18.1,9,通信網路業,吳振乾
1037,2380,虹光,上市,22,18.1,16.5,電腦及週邊設備業,盛少瀾
1038,2305,全友,上市,20.6,18.1,26.6,電腦及週邊設備業,許正勳
1039,1528,恩德,上市,18,18.1,14.7,電機機械,廖文嘉
1040,3579,尚志,上市,11.6,18,5.4,半導體業,林蔚山
1041,8432,東生華,上櫃,3.84,17.8,3.1,生技醫療業,李建賢
1042,1414,東和,上市,22,17.8,39.3,紡織纖維,蔡淑櫻
1043,5439,高技,上櫃,7.8,17.7,14.9,電子零組件業,張景山
1044,1465,偉全,上市,10.4,17.6,17.7,紡織纖維,謝仲敏
1045,3046,建碁,上市,11.9,17.6,12.7,電腦及週邊設備業,蔡溫喜
1046,5601,台聯櫃,上櫃,6.48,17.5,20.5,航運業,簡東捷
1047,1730,花仙子,上市,5.35,17.5,13.7,化學工業,蔡心心
1048,2488,漢平,上市,8,17.4,13.7,其他電子業,劉深鏗
1049,4729,熒茂,上櫃,10.2,17.4,6.2,光電業,方敏宗
1050,3221,台嘉碩,上櫃,8.62,17.4,9.2,通信網路業,黃鈺同
1051,1454,台富,上市,14,17.3,22,紡織纖維,張煜生
1052,5481,華韡,上櫃,9.73,17.3,14.1,電子零組件業,蔣明富
1053,3526,凡甲,上櫃,6.62,17.3,7.6,電子零組件業,游萬益
1054,2442,新美齊,上市,18.4,17.3,14.5,電腦及週邊設備業,林傳捷
1055,8074,鉅橡,上櫃,6.52,17.3,11.3,電子零組件業,莊煌星
1056,4907,富宇,上櫃,11.8,17.2,13.2,建材營造業,張清全
1057,4924,F-欣厚,上櫃,3.68,17.2,3.6,電腦及週邊設備業,劉茂宏
1058,4721,美琪瑪,上櫃,7.5,17.1,14.2,化學工業,嚴隆財
1059,6220,岳豐,上櫃,12.8,17.1,12.4,電子零組件業,葉春榮
1060,5317,凱美,上櫃,13.6,17.1,18.5,電子零組件業,何文等
1061,8155,博智,上櫃,5.15,17.1,2.4,電子零組件業,張永青
1062,3303,岱稜,上櫃,10.2,17.1,8,化學工業,蔡國龍
1063,3588,通嘉,上市,4.64,17.1,5.8,半導體業,李皓民
1064,1541,錩泰,上市,7.88,17.1,12.2,電機機械,張經金
1065,6154,順發,上櫃,8.01,17.1,13.3,電子通路業,吳錦昌
1066,1515,力山,上市,18.1,16.8,20.3,電機機械,王坤復
1067,4109,穆拉德,上櫃,7.17,16.8,12.8,生技醫療業,曾冬齡
1068,2375,智寶,上市,9.47,16.8,16.7,電子零組件業,翁啟勝
1069,3205,佰研,上櫃,2.47,16.8,9.7,生技醫療業,陳樂維
1070,6506,雙邦,上櫃,6.54,16.7,4.1,化學工業,張崇棠
1071,2064,晉椿,上櫃,7,16.7,0.4,鋼鐵工業,陳陽輝
1072,8032,光菱,上櫃,5.18,16.7,11.6,電子通路業,呂全福
1073,6129,普誠,上櫃,18.1,16.6,13.4,半導體業,姜長安
1074,3169,亞信,上櫃,5.18,16.6,5.5,半導體業,陳瑞榮
1075,3553,力積,上櫃,6.78,16.6,6.6,半導體業,蔡國智
1076,8038,長園科,上櫃,5.47,16.6,1.5,電子零組件業,張李琇玉
1077,9958,世紀鋼,上市,18.2,16.5,7.2,鋼鐵工業,賴文祥
1078,6175,立敦,上櫃,11.5,16.5,12.9,電子零組件業,吳德銓
1079,3285,微端,上櫃,4.41,16.5,2.8,其他電子業,吳華盛
1080,3508,位速,上櫃,9.28,16.5,7.6,其他電子業,廖世文
1081,2611,志信,上市,17.4,16.5,21.6,航運業,黃春發
1082,6164,華興,上市,11.8,16.4,6.6,光電業,劉守雄
1083,5403,中菲,上櫃,7.37,16.4,15.6,資訊服務業,莊斯威
1084,6215,和椿,上市,8.28,16.4,7.4,其他電子業,和椿行銷顧問股份有限公司
1085,3577,泓格,上櫃,4.37,16.3,6.4,電腦及週邊設備業,葉迺迪
1086,1470,大統染,上市,8.58,16.3,16,紡織纖維,葉泉發
1087,8424,惠普,上櫃,3.61,16.3,2.4,建材營造業,張世宗
1088,1469,理隆,上市,12.5,16.3,16.3,紡織纖維,陳重義
1089,6142,友勁,上市,27.3,16.3,11.8,通信網路業,簡志豪
1090,1468,昶和,上市,16,16.3,16.3,紡織纖維,陳明澤
1091,5452,佶優,上櫃,15.3,16.2,14.6,其他電子業,馬康華
1092,6208,日揚,上櫃,11.5,16.2,12.4,電子零組件業,吳明田
1093,3024,憶聲,上市,28.2,16.2,12.7,光電業,彭君平
1094,8435,鉅邁,上櫃,3.08,16.2,2.4,其他業,丁敏學
1095,3310,佳穎,上櫃,11.2,16.1,6.9,電子零組件業,李志廣
1096,5603,陸海,上櫃,7.46,16.1,18.3,航運業,何英津
1097,6114,翔昇,上櫃,3.62,16,13.7,電子零組件業,張江忠
1098,1471,首利,上市,20.1,16,15.2,電子零組件業,鄭傑
1099,4946,辣椒,上櫃,2.7,16,4,資訊服務業,鄧潤澤
1100,8182,加高,上櫃,10.7,15.9,9,電子零組件業,楊瑞陽
1101,4995,晶達,上櫃,3.41,15.9,3,光電業,李英珍
1102,5315,光聯,上櫃,10.6,15.8,18.6,光電業,韓之華
1103,5355,佳總,上櫃,17.4,15.8,16.9,電子零組件業,曾繼立
1104,2613,中櫃,上市,9.35,15.7,20.3,航運業,林宏年
1105,4413,飛寶,上櫃,6.44,15.7,15.8,紡織纖維,林資益
1106,1787,福盈科,上櫃,7.2,15.7,10.1,化學工業,莊才晉
1107,6235,華孚,上市,16.1,15.7,10.7,電腦及週邊設備業,蔡豐賜
1108,9902,台火,上市,9.8,15.7,50.9,其他業,李泰祺
1109,5523,豐謙,上櫃,11.3,15.7,15.4,建材營造業,袁玉麒
1110,5704,老爺知,上櫃,3.89,15.7,15.4,觀光事業,林清波
1111,6292,迅德,上櫃,4.69,15.6,11.5,電子零組件業,陳嘉雄
1112,3546,宇峻,上櫃,3.45,15.6,7.1,資訊服務業,劉信
1113,3306,鼎天,上櫃,5.06,15.6,9.9,通信網路業,蘇俊豪
1114,3570,大塚,上櫃,1.71,15.6,6.6,資訊服務業,鶴見裕信
1115,8085,福華,上櫃,15.7,15.5,11.2,其他電子業,林蔚山
1116,3663,鑫科,上櫃,7.35,15.5,2.5,其他電子業,劉克強
1117,9950,萬國通,上櫃,6.05,15.5,11.3,塑膠工業,謝明振
1118,4984,F-科納,上市,4.53,15.4,3.7,通信網路業,袁海驥
1119,2415,錩新,上市,9.12,15.4,14.7,電子零組件業,丁廣欽
1120,6243,迅杰,上市,7.53,15.4,5.4,半導體業,翁佳祥
1121,5703,亞都,上櫃,7.02,15.3,15.9,觀光事業,嚴長壽
1122,3419,譁裕,上市,12.4,15.2,7.3,通信網路業,林祺生
1123,3669,圓展,上市,9.82,15.2,3.7,光電業,郭重松
1124,9928,中視,上市,13.3,15.2,15.8,其他業,吳根成
1125,8059,凱碩,上櫃,9.11,15.2,5.2,通信網路業,林瑞英
1126,3315,宣昶,上市,7.03,15.1,8.6,電子通路業,高金榮
1127,2399,映泰,上市,17.8,15.1,15.4,電腦及週邊設備業,王明義
1128,4111,濟生,上櫃,5.48,15.1,16.2,生技醫療業,蘇東茂
1129,2702,華園,上市,9.01,15.1,50.3,觀光事業,陳海尼
1130,5014,建錩,上櫃,16.5,15.1,14.3,鋼鐵工業,李慶柏
1131,6141,柏承,上市,13.3,15,11.6,電子零組件業,李齊良
1132,2427,三商電,上市,18.7,15,14.7,資訊服務業,陳翔中
1133,3095,及成,上櫃,10.9,15,10,通信網路業,張正寬
1134,3593,力銘,上市,11.3,14.9,6.2,光電業,尤惠法
1135,2596,綠意,上櫃,8.27,14.9,6,建材營造業,許燈城
1136,1456,怡華,上市,21.3,14.9,21.5,紡織纖維,黃士豪
1137,4973,廣穎,上櫃,6.52,14.9,2.9,半導體業,陳慧民
1138,1742,台蠟,上櫃,6.47,14.8,11,化學工業,林哲印
1139,6163,華電網,上櫃,10.3,14.8,13.2,通信網路業,陳國章
1140,4305,世坤,上櫃,5.5,14.8,14.6,塑膠工業,林璋賦
1141,5498,凱崴,上櫃,16.2,14.7,14.1,電子零組件業,周邦基
1142,1599,宏佳騰,上櫃,4.5,14.7,2.4,電機機械,鍾杰霖
1143,8099,大世科,上櫃,6.72,14.7,11.1,資訊服務業,林郭文艷
1144,3672,康聯訊,上櫃,2.8,14.6,0.1,通信網路業,陳友信
1145,5438,東友,上櫃,11.3,14.6,14.9,電腦及週邊設備業,黃育仁
1146,3666,光耀,上櫃,4.92,14.6,0.5,光電業,郭維斌
1147,1445,大宇,上市,13.9,14.6,24.3,紡織纖維,張煜生
1148,6603,富強鑫,上櫃,11.7,14.5,11.1,電機機械,王伯壎
1149,8927,北基,上櫃,13.2,14.5,14.6,油電燃氣業,鍾嘉村
1150,5464,霖宏,上櫃,7.11,14.5,14.5,電子零組件業,張枋霖
1151,3089,遠昇,上櫃,6.93,14.5,11.6,電子零組件業,古承翰
1152,1584,精剛,上櫃,10.3,14.4,7.5,其他業,陳興時
1153,6237,驊訊,上櫃,7.75,14.4,12.1,半導體業,鄭期成
1154,3489,森寶,上櫃,8.31,14.4,7.6,建材營造業,簡正雄
1155,3002,歐格,上市,10.2,14.2,13.3,電腦及週邊設備業,李廣浩
1156,4953,緯軟,上櫃,4.26,14.2,1.4,資訊服務業,林憲銘
1157,3093,港建,上櫃,3.63,14.2,9.9,其他電子業,許宏傑
1158,8033,雷虎,上市,12.9,14.2,7.9,其他業,賴春霖
1159,3675,德微,上櫃,4.44,14.2,2.9,半導體業,張恩傑
1160,3232,昱捷,上櫃,3.16,14.1,10.6,電子通路業,蔡棟國
1161,8941,關中,上櫃,1.78,14.1,12.3,貿易百貨業,洪文照
1162,3360,尚立,上櫃,7.29,14.1,9,電子通路業,簡剛民
1163,2528,皇普,上市,12.1,14.1,20.2,建材營造業,賴建明
1164,6294,智基,上櫃,1.54,14.1,11.4,其他業,邱仕榮
1165,4171,瑞基,上櫃,3.43,13.9,0.8,生技醫療業,劉正忠
1166,1569,濱川,上櫃,8.38,13.9,9.8,電腦及週邊設備業,蕭欽銘
1167,6231,系微,上櫃,3.8,13.9,12.3,資訊服務業,王志高
1168,8043,蜜望實,上櫃,7.99,13.9,11.6,電子零組件業,林訓民
1169,2032,新鋼,上市,13.1,13.9,14.7,鋼鐵工業,蔡錫奇
1170,5016,松和,上櫃,4.96,13.9,14.2,鋼鐵工業,林敏舜
1171,5015,華祺,上櫃,6.06,13.9,14.4,鋼鐵工業,葉明彥
1172,3548,兆利,上櫃,5.06,13.9,7.2,電子零組件業,劉光華
1173,6160,欣技,上櫃,6.85,13.8,13.2,電腦及週邊設備業,廖宜彥
1174,4173,久裕,上櫃,4.46,13.8,1.6,生技醫療業,陳啟修
1175,2025,千興,上市,32.3,13.8,19.3,鋼鐵工業,葉碩堂
1176,4747,強生,上櫃,3,13.8,1.4,生技醫療業,黃柏熊
1177,1813,寶利徠,上櫃,4.66,13.8,5.8,生技醫療業,宋一新
1178,5251,天鉞電,上櫃,3.09,13.8,2.5,光電業,汪攘夷
1179,4188,安克,上櫃,4.08,13.8,0.2,其他業,李成家
1180,1439,中和,上市,9.2,13.8,26,紡織纖維,陳植英
1181,1423,利華,上市,17.3,13.7,36.1,紡織纖維,應柔爾
1182,6158,禾昌,上櫃,11.3,13.7,13.3,電子零組件業,陳財福
1183,1593,祺驊,上櫃,3.03,13.6,2.9,生技醫療業,徐鉦鑑
1184,1906,寶隆,上市,15.1,13.6,39.1,造紙工業,黃萬村
1185,3324,雙鴻,上櫃,7.11,13.6,10,其他電子業,林育申
1186,8418,F-必勝,上櫃,6.9,13.6,3.5,其他業,林永車
1187,4939,亞電,上櫃,9.82,13.6,3.7,電子零組件業,李建輝
1188,6123,上奇,上櫃,5.51,13.5,13.3,電腦及週邊設備業,章孝祺
1189,3664,F-安瑞,上櫃,7.76,13.5,4.9,通信網路業,沈以峰
1190,3615,安可,上櫃,7.06,13.5,6.1,光電業,葉垂景
1191,6101,弘捷,上櫃,5.91,13.5,14.1,電子零組件業,涂兆均
1192,1616,億泰,上市,19.4,13.5,14.7,電器電纜,張明泉
1193,4950,牧東,上櫃,5.9,13.4,3.1,光電業,余人勇
1194,3217,優群,上櫃,8.41,13.4,11.1,電子零組件業,王朝樑
1195,1781,合世,上櫃,4.74,13.4,10.4,生技醫療業,楊國和
1196,6156,松上,上櫃,10,13.3,13.3,電子零組件業,包仁志
1197,8390,金益鼎,上櫃,7.54,13.3,7,其他業,莊清旗
1198,9929,秋雨,上市,9.58,13.3,15.9,其他業,陳慧遊
1199,2453,凌群,上市,10,13.2,14,資訊服務業,劉瑞復
1200,3021,鴻名,上市,10.8,13.2,12.7,電子零組件業,張幸助
1201,4523,永彰,上櫃,6.4,13.2,15.5,電機機械,鄭萬來
1202,6218,豪勉,上櫃,6.43,13.2,12.4,通信網路業,彭以豪
1203,3027,盛達,上市,9.67,13.1,12.7,通信網路業,陳忠廷
1204,5493,三聯,上櫃,4.14,13.1,14.1,其他電子業,林榮渠
1205,6233,旺玖,上櫃,8.46,13.1,12.3,半導體業,張景棠
1206,4728,雙美,上櫃,5.45,13,3.4,生技醫療業,王進富
1207,5259,清惠,上市,7.2,13,1.5,光電業,吳煥松
1208,1474,弘裕,上市,13,13,14.6,紡織纖維,葉明洲
1209,4433,興采,上櫃,3.01,13,0.6,紡織纖維,陳國欽
1210,3191,和進,上櫃,5.47,13,10.1,電子零組件業,龔俊仁
1211,8374,羅昇,上市,8.76,12.9,6.4,電機機械,林志誠
1212,3550,聯穎,上市,8.5,12.9,4.5,電子零組件業,何鈞銜
1213,2342,茂矽,上市,37.2,12.9,19.7,半導體業,唐亦仙
1214,8084,巨虹,上櫃,5.39,12.8,11.2,電子通路業,鄭月卿
1215,6117,迎廣,上市,8.86,12.8,11.7,電腦及週邊設備業,賴文賢
1216,4706,大恭,上櫃,7.9,12.7,17.1,化學工業,鄧加惠
1217,2465,麗臺,上市,10.7,12.7,13.7,電腦及週邊設備業,盧崑山
1218,2302,麗正,上市,16.1,12.7,30.3,半導體業,林文騰
1219,6126,信音,上櫃,11.4,12.7,13.3,電子零組件業,彭良雄
1220,2038,海光,上市,17.3,12.7,6.4,鋼鐵工業,黃滄海
1221,3050,鈺德,上市,17.8,12.6,12.6,光電業,張昭焚
1222,9935,慶豐富,上市,14,12.6,14.7,其他業,許閔琁
1223,5310,天剛,上櫃,4.51,12.6,19.1,資訊服務業,沈明聰
1224,6135,佳營,上櫃,7.62,12.6,13.3,電子通路業,董正文
1225,2444,友旺,上市,8.54,12.6,14.5,通信網路業,歐陽自坤
1226,8940,新天地,上市,6.75,12.6,6,觀光事業,歐敏輝
1227,8222,寶一,上市,6.82,12.5,0.3,電機機械,曾煥明
1228,3325,旭品,上櫃,7.71,12.5,9.8,電腦及週邊設備業,蕭奕彰
1229,2440,太空梭,上市,13.9,12.5,14.5,電子零組件業,王玄輝
1230,1586,和勤,上櫃,4.66,12.5,3.4,電機機械,邱東和
1231,5902,德記,上櫃,9.45,12.5,17.3,貿易百貨業,黃瑞典
1232,5302,太欣,上櫃,16.2,12.5,24.3,半導體業,王國肇
1233,4720,德淵,上櫃,7.54,12.4,14.2,化學工業,林啟琛
1234,4972,湯石,上櫃,3.7,12.2,1.9,光電業,湯士權
1235,5324,士開,上櫃,9.34,12.2,18.3,建材營造業,李昌霖
1236,1615,大山,上市,11.2,12.2,15.1,電器電纜,蘇文彬
1237,8080,奧斯特,上櫃,6.4,12.2,11,電子零組件業,許世弘
1238,2321,東訊,上市,63.1,12.2,23.5,通信網路業,劉兆凱
1239,2641,正德,上櫃,12,12.1,0.6,航運業,蔡邦權
1240,3564,其陽,上櫃,2.04,12.1,1.5,通信網路業,范希光
1241,3512,能緹,上櫃,4.4,12.1,7.8,電子零組件業,陳文宏
1242,3016,嘉晶,上市,9.41,12,12.4,半導體業,楊炳連
1243,2726,F-雅茗,上櫃,2.74,12,0.4,觀光事業,吳伯超
1244,5209,新鼎,上櫃,2.34,11.9,13.2,資訊服務業,易惠南
1245,1735,日勝化,上市,9.94,11.9,12.7,化學工業,何文杰
1246,3092,鴻碩,上櫃,6.38,11.9,5,電子零組件業,張利榮
1247,6133,金橋,上市,11.7,11.8,11.8,電子零組件業,林麥升
1248,6248,沛波,上櫃,3.42,11.7,11.7,電子零組件業,趙世傑
1249,6236,康呈,上櫃,3.17,11.7,12.1,半導體業,吳俊毅
1250,6127,九豪,上櫃,8.5,11.7,13.4,電子零組件業,陳清金
1251,5529,志嘉,上櫃,10.2,11.7,19.4,建材營造業,葉哲宏
1252,4429,聚紡,上櫃,3.44,11.7,4.7,紡織纖維,蔡秋雄
1253,8079,誠遠,上櫃,8.02,11.7,11.4,半導體業,許誠焰
1254,5410,國眾,上櫃,8.97,11.7,15.5,資訊服務業,王超群
1255,1258,F-其祥,上櫃,3.4,11.6,3.4,食品工業,王其祥
1256,6227,茂綸,上櫃,7.61,11.6,12.4,電子通路業,李沛霆
1257,6426,統新,上櫃,3.23,11.6,0.4,通信網路業,劉奇林
1258,3581,博磊,上櫃,5.18,11.5,0.3,半導體業,李篤誠
1259,3531,先益,上櫃,6.12,11.5,7.1,光電業,鄧福順
1260,8088,品安,上櫃,5.79,11.5,11.2,半導體業,謝吳沛
1261,5701,劍湖山,上櫃,25.4,11.5,17.2,觀光事業,陳志鴻
1262,6151,晉倫,上櫃,5.53,11.5,13.2,其他電子業,鐘春重
1263,8049,晶采,上櫃,13.1,11.5,11.3,光電業,蘇漢傑
1264,1529,樂士,上市,30,11.4,14.7,電機機械,施允澤
1265,5475,德宏,上櫃,22.1,11.4,14.3,電子零組件業,劉暉麟
1266,2424,隴華,上市,3,11.4,14.7,電腦及週邊設備業,王光祥
1267,1617,榮星,上市,14.4,11.3,14.7,電器電纜,王東憲
1268,6265,方土昶,上櫃,11.8,11.3,11.6,電子通路業,張政文
1269,3118,進階,上櫃,3.25,11.3,7,生技醫療業,邱春龍
1270,4534,慶騰,上櫃,7.98,11.3,12.1,電機機械,王光彬
1271,6266,泰詠,上櫃,8.09,11.2,11.1,電子零組件業,崔世和
1272,5460,同協,上櫃,7.2,11.2,14.6,電子零組件業,劉定泮
1273,1235,興泰,上市,5.62,11.2,14.7,食品工業,吳金泉
1274,3171,新洲,上櫃,5.92,11.2,10.7,電腦及週邊設備業,李志賢
1275,5878,台名,上櫃,1.88,11.2,0.6,金融保險業,李正之
1276,3312,弘憶股,上市,9.52,11.1,4.4,電子通路業,葉佳紋
1277,2063,世鎧,上櫃,4.33,11.1,4.7,鋼鐵工業,杜泰源
1278,6211,福登,上櫃,4.16,11.1,12.4,電子零組件業,約翰休斯頓
1279,1213,大飲,上市,5.15,11.1,34.1,食品工業,江國貴
1280,2916,滿心,上櫃,5.46,11.1,10.2,貿易百貨業,李俊良
1281,3402,漢科,上櫃,7.3,11,8.4,其他電子業,溫永宏
1282,4127,天良,上櫃,4.58,11,9.8,生技醫療業,紀元章
1283,3432,台端,上市,6.66,11,4.4,電子零組件業,林樂堯
1284,6264,富裔,上櫃,13.8,11,11.2,建材營造業,祝文定
1285,3224,三顧,上櫃,4,11,11,電子通路業,黃美月
1286,2482,連宇,上市,6.21,10.9,13.7,其他電子業,羅鋇
1287,3642,駿熠電,上櫃,3.18,10.9,3.6,其他電子業,高英昶
1288,1524,耿鼎,上市,18,10.9,16.6,電機機械,李茂源
1289,6199,精威,上櫃,5.68,10.8,1.9,其他業,李振寬
1290,4415,台原藥,上櫃,7.09,10.8,15.4,其他電子業,蘇慶華
1291,6170,統振,上櫃,9.37,10.8,13.1,通信網路業,陳敦仁
1292,5353,台林,上櫃,9.12,10.8,17,通信網路業,陳哲宏
1293,8071,能率豐,上櫃,5.23,10.7,11.4,電子零組件業,胡湘麒
1294,8410,森田,上櫃,3.66,10.7,4.2,電腦及週邊設備業,黃樟山
1295,8354,冠好,上櫃,6.37,10.6,11.1,塑膠工業,楊文章
1296,3438,類比科,上櫃,3.86,10.6,8.8,半導體業,劉紹宗
1297,8937,合騏,上櫃,7.25,10.6,12.6,其他業,陳昱妤
1298,8147,正淩,上櫃,2.13,10.6,2.1,電子零組件業,徐季麟
1299,2719,燦星旅,上櫃,3.63,10.6,3.2,觀光事業,陳彥君
1300,5384,捷元,上櫃,7.96,10.5,16.1,電腦及週邊設備業,黃偉祥
1301,5328,華容,上櫃,17.8,10.5,17.7,電子零組件業,瑞軒科技股份有限公司
1302,6161,捷波,上櫃,12.1,10.5,13.2,電腦及週邊設備業,楊光強
1303,6247,淇譽電,上櫃,6.03,10.5,11.9,其他電子業,許黃月華
1304,3684,榮昌,上櫃,2.05,10.5,1.2,通信網路業,陳家榮
1305,3071,協禧,上櫃,14.6,10.5,10.4,電腦及週邊設備業,黃瑞益
1306,2434,統懋,上市,11.1,10.4,14.7,半導體業,唐明亮
1307,5398,力瑋,上櫃,4.18,10.4,15.6,電子零組件業,蔣瑮雯
1308,2358,廷鑫,上市,8.5,10.3,18.4,電腦及週邊設備業,吳福禱
1309,6432,今展科,上櫃,1.95,10.3,0,電子零組件業,王琴賢
1310,1472,三洋紡,上市,7.16,10.3,14.7,紡織纖維,黃俊銘
1311,4903,聯光通,上櫃,8.88,10.3,14,通信網路業,徐肇佑
1312,2734,易飛網,上櫃,2.61,10.2,1.4,觀光事業,周育蔚
1313,4303,信立,上櫃,7,10.2,16.2,塑膠工業,吳益仁
1314,6109,亞元,上櫃,7.27,10.2,13.8,通信網路業,嚴維群
1315,1613,台一,上市,22.8,10.2,19.6,電器電纜,許守信
1316,3536,誠創,上市,9.68,10.2,7.1,光電業,馬永玲
1317,1512,瑞利,上市,18.2,10.1,21.3,電機機械,呂瑞晃
1318,6259,百徽,上櫃,7.25,10.1,11.7,電子零組件業,何一勤
1319,8201,無敵,上市,8.91,10.1,7.6,其他電子業,曾炳榮
1320,5211,蒙恬,上櫃,3.2,9.98,12.4,資訊服務業,蔡義泰
1321,3308,聯德,上市,9.99,9.92,7.2,電子零組件業,陳銘智
1322,6118,建達,上櫃,9.09,9.91,13.6,電子通路業,陳文琦
1323,4542,科嶠,上櫃,2.57,9.89,0.7,電子零組件業,鄧全凱
1324,3537,堡達,上櫃,4.87,9.89,5.3,電子零組件業,黃德聰
1325,5202,力新,上櫃,5.91,9.84,14.6,資訊服務業,林榮生
1326,8929,富堡,上櫃,3.51,9.8,14.5,其他業,林煥強
1327,5102,富強,上櫃,6.41,9.71,14.6,橡膠工業,蔡文順
1328,6174,安碁,上櫃,5,9.7,13.1,電子零組件業,林逸倫
1329,8289,泰藝,上櫃,7.75,9.69,7.1,電子零組件業,宋勝泰
1330,6130,基因,上櫃,2.67,9.67,13.2,生技醫療業,曾祐詮
1331,2061,風青,上櫃,6.21,9.63,4.5,電器電纜,陳福得
1332,5255,美桀,上櫃,3.81,9.6,0.8,電子零組件業,羅鵬程
1333,6431,F-光麗,上市,4.56,9.58,0.5,光電業,張亦雲
1334,1721,三晃,上市,8.37,9.58,19,化學工業,鄭銘源
1335,3206,志豐,上櫃,4.15,9.53,8.3,電子零組件業,張演堂
1336,8935,邦泰,上櫃,12,9.53,13.2,其他業,亨利通投資股份有限公司
1337,3276,宇環,上櫃,6.97,9.48,10.4,電子零組件業,陳世(金欣)
1338,5340,建榮,上櫃,19.5,9.43,17.3,電子零組件業,柯長崎
1339,3535,晶彩科,上市,7.86,9.43,7.3,光電業,陳永華
1340,3540,曜越,上櫃,6.47,9.41,7.4,電腦及週邊設備業,林培熙
1341,5276,F-達輝,上櫃,3.95,9.38,0.9,其他業,徐鴻鈞
1342,3086,華義,上櫃,5.93,9.36,11.1,文化創意業,黃博弘
1343,3652,精聯,上櫃,4.68,9.33,5.7,電腦及週邊設備業,葉國筌
1344,5484,慧友,上市,11.6,9.32,11.7,光電業,黃佳銘
1345,8040,九暘,上櫃,8.66,9.31,8.1,半導體業,羅瑞祥
1346,6165,捷泰,上市,9.5,9.31,11.8,電子零組件業,劉忠義
1347,6270,倍微,上櫃,7.37,9.25,11.7,電子通路業,傅江松
1348,2024,志聯,上市,10.2,9.23,19.4,鋼鐵工業,劉春興
1349,3011,今皓,上市,11.3,9.2,12.8,電子零組件業,林文煌
1350,2438,翔耀,上市,7.52,9.14,14.7,光電業,邱連春
1351,3297,杭特,上櫃,3.68,9.09,10,光電業,鄭子釗
1352,1324,地球,上市,7.51,9.09,14.7,塑膠工業,張德照
1353,8921,沈氏,上櫃,4.66,9.09,15.2,其他業,陳哲三
1354,8913,全銓,上櫃,5.46,9.07,16.9,其他業,李家弘
1355,3085,久大,上櫃,7.12,9.05,11.2,資訊服務業,皇庭投資有限公司
1356,6250,宇加,上櫃,1.82,9.04,11,電子零組件業,王志誠
1357,3354,律勝,上櫃,8.4,9.03,9.5,電子零組件業,李美蓉
1358,5011,久陽,上櫃,3.36,9,16,鋼鐵工業,孫正強
1359,9962,有益,上櫃,9.02,8.97,8.9,鋼鐵工業,劉憲同
1360,3373,熱映,上櫃,4.33,8.96,7.4,其他電子業,黃洲杰
1361,8930,青鋼,上櫃,7,8.93,14.5,鋼鐵工業,陳清安
1362,8183,精星,上櫃,11.6,8.92,10.1,其他電子業,邱蕭鈺
1363,1418,東華,上市,13.2,8.89,38.3,紡織纖維,林河輝
1364,3291,遠翔科,上櫃,3.56,8.89,6.2,半導體業,林登財
1365,3122,笙泉,上櫃,3.95,8.87,0.3,半導體業,溫國良
1366,2718,桃園店,上櫃,2.26,8.85,4.2,觀光事業,楊顯玲
1367,6171,亞銳士,上櫃,6.04,8.84,13.1,電子通路業,賴源釗
1368,6221,晉泰,上櫃,3.71,8.82,12.4,資訊服務業,林澤鈿
1369,4712,南璋,上櫃,9.63,8.81,16.1,食品工業,許曜廷
1370,3018,同開,上市,5.19,8.8,12.7,其他電子業,陳儀潔
1371,6204,艾華,上櫃,3.61,8.74,12.5,電子零組件業,黃子軒
1372,4513,福裕,上櫃,7.69,8.73,17.2,電機機械,張寶銘
1373,5321,友銓,上櫃,2.88,8.71,18.4,電子零組件業,呂永美
1374,3322,建舜電,上櫃,8.53,8.7,6,電子零組件業,黃欽雄
1375,2221,大甲,上櫃,4.24,8.7,7.8,其他業,黃士峰
1376,4121,優盛,上櫃,7.33,8.65,11.8,生技醫療業,劉志平
1377,6283,淳安,上市,14.2,8.61,7.3,通信網路業,張榮德
1378,4716,大立,上櫃,7.18,8.61,15.2,化學工業,邱志向
1379,8420,明揚,上櫃,5.1,8.59,0.5,其他業,鄭錫潛
1380,6190,萬泰科,上櫃,12.3,8.59,17.3,通信網路業,張銘烈
1381,3230,錦明,上櫃,11,8.58,8.7,光電業,蔡進財
1382,8277,商丞,上櫃,9.16,8.55,10.4,半導體業,程慶中
1383,3499,環天科,上櫃,5.83,8.55,8.6,通信網路業,陳賢哲
1384,8401,白紗科,上櫃,5.69,8.54,5.1,其他業,林衍束
1385,1570,力肯,上櫃,5.15,8.52,9.9,電機機械,溫銘漢
1386,5291,邑昇,上櫃,3.31,8.5,0.4,電子零組件業,簡榮坤
1387,4711,永純,上櫃,6.11,8.49,16.2,化學工業,蔡慶芳
1388,1443,立益,上市,13.5,8.47,25.1,紡織纖維,蘇東榮
1389,4529,昶洧,上櫃,6.91,8.46,14.1,其他業,沈瑋
1390,1435,中福,上市,14,8.44,27.4,其他業,黃立中
1391,3317,尼克森,上櫃,6.13,8.39,7.8,半導體業,楊惠強
1392,3483,力致,上櫃,4.9,8.3,8.4,電腦及週邊設備業,饒振奇
1393,8053,巨擘,上櫃,41.2,8.24,10.3,光電業,祁甡
1394,3025,星通,上市,7.09,8.23,12.7,通信網路業,葉茂林
1395,1441,大東,上市,8.98,8.23,25.6,紡織纖維,陳修忠
1396,3128,昇銳,上櫃,4.2,8.21,8.7,光電業,江添貴
1397,2724,F-富驛,上櫃,3.82,8.17,3,觀光事業,侯尊中
1398,6167,久正,上櫃,16.2,8.16,13.2,光電業,王世岳
1399,2468,華經,上市,7,8.12,13.7,資訊服務業,魏幸雄
1400,3202,樺晟,上櫃,9.67,8.11,9.8,電子零組件業,林昆成
1401,1591,F-駿吉,上櫃,2.69,8.1,3.2,電機機械,江文洲
1402,3444,利機,上櫃,3.91,8.08,6.7,電子通路業,張坤祥
1403,3313,斐成,上櫃,8.38,8.04,9,電子零組件業,鍾明道
1404,5383,金利,上櫃,7.14,7.96,16.1,其他電子業,盧國棟
1405,4714,永捷,上櫃,5.96,7.95,15.2,化學工業,張祐銘
1406,1453,大將,上市,8.79,7.94,22.1,紡織纖維,葉義雄
1407,4102,永日,上櫃,4.24,7.92,14.2,生技醫療業,李芳全
1408,4420,光明,上櫃,2.95,7.92,13.1,紡織纖維,詹正田
1409,6226,光鼎,上市,9.21,7.91,6.5,光電業,馬景鵬
1410,2033,佳大,上市,8.07,7.9,14.7,鋼鐵工業,吳大和
1411,3236,千如,上櫃,5.72,7.9,10.5,電子零組件業,徐明恩
1412,6275,元山,上櫃,4.96,7.84,10.4,其他電子業,陳建榮
1413,8409,商之器,上櫃,2.8,7.84,1.5,生技醫療業,盤文龍
1414,3114,好德,上櫃,5,7.83,11.2,電子零組件業,陳國鴻
1415,5304,鼎創達,上櫃,18.6,7.81,23.9,電腦及週邊設備業,郭佩芝
1416,1449,佳和,上市,12,7.76,23.2,紡織纖維,翁茂鍾
1417,6148,驊宏資,上櫃,8.8,7.62,13.3,資訊服務業,廖文鐸
1418,4550,長佳,上櫃,3.29,7.53,0.2,電機機械,王人達
1419,4304,勝昱,上櫃,5.13,7.52,15.3,塑膠工業,林博文
1420,9949,琉園,上櫃,4.7,7.5,11.5,其他業,王永山
1421,2471,資通,上市,4.73,7.49,13.7,資訊服務業,余宏揚
1422,6287,元隆,上櫃,18.3,7.45,11.6,半導體業,陳清忠
1423,3268,海德威,上櫃,3.07,7.42,10.3,半導體業,黃 (方方土) 芳
1424,3441,聯一光,上櫃,4,7.41,4.6,光電業,陳忠政
1425,1413,宏洲,上市,10.2,7.4,39.4,紡織纖維,陳玉明
1426,6144,得利影,上櫃,7.31,7.3,13.3,其他電子業,吳昭弘
1427,8111,立碁,上櫃,11.7,7.26,11.3,光電業,童義興
1428,4735,豪展,上櫃,3.01,7.23,3.8,生技醫療業,莊明輝
1429,4160,創源,上櫃,2.41,7.23,2.7,生技醫療業,張漢東
1430,9960,邁達康,上櫃,3.36,7.09,10.5,貿易百貨業,吳沖
1431,1333,恩得利,上櫃,10.3,7.04,9.8,電子零組件業,林義雄
1432,3066,李洲,上櫃,8.31,7,10.5,光電業,李明順
1433,3516,亞帝歐,上櫃,7.43,6.99,7.5,光電業,廖書尉
1434,2028,威致,上市,34.3,6.96,18.4,鋼鐵工業,郭瑞西
1435,6240,松崗,上櫃,2.31,6.95,12,資訊服務業,劉慶珠
1436,1526,日馳,上市,5,6.92,15.2,電機機械,徐義雄
1437,5450,寶聯通,上櫃,5.04,6.9,14.7,電腦及週邊設備業,蕭登波
1438,1516,川飛,上市,2.33,6.9,20.1,其他業,謝秀娟
1439,3632,研勤,上櫃,3.08,6.9,4.4,通信網路業,簡良益
1440,3646,艾恩特,上櫃,3.86,6.89,3.2,電子零組件業,陳明仁
1441,1336,台翰,上櫃,6.28,6.84,7.6,電子零組件業,楊劍平
1442,3252,海灣,上櫃,2.17,6.76,10.7,半導體業,劉至誠
1443,6222,上揚,上櫃,5.63,6.76,12.4,電腦及週邊設備業,魏政傑
1444,5212,凌網,上櫃,3.46,6.75,12.2,資訊服務業,賴洋助
1445,3379,彬台,上櫃,3.45,6.64,3.6,電機機械,洪振攀
1446,5344,立衛,上櫃,7.94,6.51,17.2,半導體業,沈炳輝
1447,6122,擎邦,上櫃,6.87,6.46,14.9,電機機械,洪振攀
1448,6419,京晨科,上櫃,2.06,6.46,0.4,光電業,楊文彬
1449,5488,松普,上櫃,9.16,6.46,14.2,電子零組件業,駱國呈
1450,3557,嘉威,上市,10.9,6.46,7.2,光電業,麥建進
1451,5210,寶碩,上櫃,6.9,6.44,13.1,資訊服務業,白介宇
1452,9912,偉聯,上市,5.38,6.43,22.8,電腦及週邊設備業,俞    允
1453,8176,智捷,上櫃,7.91,6.41,1.9,通信網路業,謝金生
1454,2230,泰茂,上櫃,3.96,6.4,2.1,電機機械,呂萬賢
1455,6134,萬旭,上櫃,8.98,6.37,13.4,電子零組件業,張銘烈
1456,8171,天宇,上櫃,5.28,6.32,3.4,通信網路業,吳祖榆
1457,1438,裕豐,上市,10.2,6.21,26.4,建材營造業,陳季函
1458,1805,寶徠,上市,8.03,6.04,25.6,建材營造業,李左軍
1459,8024,佑華,上櫃,4.69,6,8.7,半導體業,林振興
1460,3284,太普高,上櫃,6.07,5.95,10.2,其他業,陳柏勳
1461,3511,矽瑪,上櫃,3.9,5.94,6.3,電子零組件業,游素冠
1462,2491,吉祥全,上市,6.46,5.89,13.7,光電業,陳碧華
1463,3521,鴻翊,上櫃,4.67,5.84,7.8,電腦及週邊設備業,林泉湧
1464,6228,全譜,上櫃,4.11,5.8,12.3,電腦及週邊設備業,高偉超
1465,3043,科風,上市,19.5,5.77,12.7,其他電子業,張峰豪
1466,8047,星雲,上櫃,4.14,5.76,11.3,其他電子業,賴金森
1467,1538,正峰新,上市,8.31,5.74,12.7,電機機械,鍾榮昌
1468,6276,安鈦克,上櫃,4.38,5.74,11.6,電腦及週邊設備業,李益昌
1469,3522,宏森,上櫃,4.73,5.72,7.6,光電業,陳介甫
1470,1732,毛寶,上市,4.24,5.62,13.7,化學工業,吳瑞華
1471,2429,銘旺科,上市,3.68,5.61,14.7,電子零組件業,柯銘裕
1472,3625,西勝,上櫃,5.61,5.59,5.6,電腦及週邊設備業,黃宗偉
1473,5364,易福,上櫃,1.01,5.59,1.7,其他業,黃武雄
1474,6169,昱泉,上櫃,2.84,5.53,13.2,資訊服務業,曹約文
1475,5468,凱鈺,上櫃,5.3,5.51,14.3,半導體業,盧超群
1476,5345,天揚,上櫃,5,5.5,17.2,電子零組件業,王鏑程
1477,3492,長盛,上櫃,3.16,5.46,0,電子零組件業,尚元良
1478,3115,寶島極,上櫃,4.37,5.46,10.1,電子零組件業,劉文禎
1479,2364,倫飛,上市,19,5.44,17.8,電腦及週邊設備業,高育仁
1480,6246,臺龍,上櫃,13.6,5.44,11.9,光電業,曾祐詮
1481,8092,建暐,上櫃,3.89,5.36,11.3,其他電子業,李聰林
1482,5487,通泰,上櫃,2.21,5.32,14.3,半導體業,陳永修
1483,2067,嘉鋼,上櫃,2.84,5.32,1,電機機械,曹光照
1484,8923,時報,上櫃,3.04,5.32,15.4,其他業,趙政岷
1485,5381,合正,上櫃,18.7,5.31,16.2,電子零組件業,葉雲照
1486,6113,亞矽,上櫃,5.36,5.31,13.8,電子通路業,蔡伯宜
1487,4503,金雨,上櫃,3.68,5.18,18.4,電機機械,顧陽明
1488,3067,全域,上櫃,2.9,5.15,11.6,其他電子業,王敏烈
1489,1475,本盟,上市,5.25,5.15,14.6,紡織纖維,翁明顯
1490,6150,撼訊,上櫃,7.06,5.14,13.2,電腦及週邊設備業,張茂松
1491,5314,世紀,上櫃,6,5.1,18.7,半導體業,湯宇方
1492,8932,宏大,上櫃,4.88,5.1,14.1,其他業,洪寶川
1493,5455,訊利電,上櫃,3.55,5.09,14.6,半導體業,利來德投資股份有限公司代表人陳坤鴻
1494,6229,研通,上櫃,3.61,5.09,12.4,半導體業,許劍郎
1495,5906,F-台南,上市,9.63,5.08,3.6,貿易百貨業,楊青峯
1496,8097,常珵,上櫃,2.67,5.07,11.2,通信網路業,林銜錄
1497,6241,易通展,上櫃,2.37,5.05,12.1,通信網路業,張福興
1498,3567,逸昌,上櫃,3.56,5.03,4.5,半導體業,郭嘯華
1499,3188,安茂,上櫃,4.61,4.98,11.2,半導體業,黃學藤
1500,8291,尚茂,上櫃,7.6,4.98,3.5,電子零組件業,高育仁
1501,3580,友威科,上櫃,5.07,4.92,4.9,其他電子業,李原吉
1502,6103,合邦,上櫃,5.71,4.91,14,半導體業,柯拔希
1503,6289,華上,上市,26.9,4.74,11.7,光電業,李森田
1504,4406,新昕纖,上櫃,5.19,4.68,16.4,紡織纖維,莊王垂貞
1505,3288,點晶,上櫃,4.85,4.66,10.1,電子零組件業,金際遠
1506,8906,花王,上櫃,5.13,4.62,19.1,其他業,謝宗翰
1507,5201,凱衛,上櫃,3.07,4.6,14.6,資訊服務業,曾正哲
1508,3162,精確,上櫃,5.65,4.58,9.6,電機機械,徐永誠
1509,4131,晶宇,上櫃,3.83,4.52,11.1,生技醫療業,陳慈甘
1510,6140,訊達,上櫃,3.84,4.51,13.3,資訊服務業,葉元椒
1511,3431,長天,上櫃,3.55,4.5,8.8,通信網路業,徐彰徽
1512,4154,F-康樂,上櫃,1.95,4.5,3.4,生技醫療業,陳言福
1513,8421,旭源,上櫃,3.85,4.45,2.5,其他業,黃南源
1514,3073,普格,上櫃,4.67,4.43,7.6,半導體業,謝欽宗
1515,8034,榮群,上櫃,6.29,4.39,11,通信網路業,王慶橖
1516,8423,F-保綠,上櫃,1.83,4.39,3.2,其他業,陳東興
1517,3219,倚強,上櫃,2.27,4.38,11.2,半導體業,于超宇
1518,5278,尚凡,上櫃,1.31,4.31,2,資訊服務業,張家銘
1519,8093,保銳,上櫃,6.42,4.26,10.4,電子零組件業,蘇彥文
1520,3287,廣寰科,上櫃,4.4,4.2,7.3,電腦及週邊設備業,王忠傑
1521,3609,東林,上櫃,3.04,4.13,4.4,電子零組件業,洪大勝
1522,3207,耀勝,上櫃,3.83,4.13,10.5,電子零組件業,蕭奕彰
1523,5516,雙喜,上櫃,3.83,4.1,16.2,建材營造業,邱南枝
1524,3434,哲固,上櫃,3.28,3.95,7.3,光電業,簡豊連
1525,6225,天瀚,上市,8.53,3.85,10.7,光電業,許明廉
1526,4502,源恆,上櫃,7.67,3.85,19.4,電機機械,吳政哲
1527,4609,唐鋒,上櫃,4.79,3.69,15,電器電纜,許文治
1528,5432,達威,上櫃,2.07,3.59,15.2,光電業,陳政隆
1529,8082,眾星,上櫃,9.66,3.53,11.4,通信網路業,吳昊恩
1530,5386,青雲,上櫃,1.17,3.24,16,電腦及週邊設備業,柯聰源
1531,6198,凌泰,上櫃,2.01,3.19,12.4,半導體業,張敦凱
1532,8934,衡平,上櫃,0.755,3.15,13.7,其他業,紀月娥
1533,2496,卓越,上市,3.91,3.09,13.2,通信網路業,陳安之
1534,8087,華鎂鑫,上櫃,2.99,3.05,11.2,光電業,楊慶堂
1535,6172,互億,上市,4.66,2.99,11,電腦及週邊設備業,廖年豐
1536,8067,志旭,上櫃,4.48,2.99,11.1,電子通路業,陳曜芳
1537,3465,祥業,上櫃,2.55,2.88,7.3,電子零組件業,楊福義
1538,8068,全達,上櫃,3.07,2.74,11.2,電子通路業,王雪紅
1539,3562,頂晶科,上櫃,5.24,2.72,6.9,光電業,傅佩文
1540,3555,擎泰,上櫃,4.95,2.64,3.5,半導體業,熊福嘉
1541,4402,福大,上櫃,4.6,2.57,17.8,紡織纖維,楊燈霖
1542,5205,漢康,上櫃,1.7,2.49,14,資訊服務業,徐景星
1543,5348,系通,上櫃,2.6,2.36,17.1,通信網路業,沈國英
1544,4419,松懋,上櫃,2.36,1.89,13.9,紡織纖維,蘇怡仁
1545,3629,卓韋,上櫃,2.11,1.84,5,光電業,陳福龍
1546,4530,宏易,上櫃,3.6,1.72,14.1,電機機械,陳五常
1547,2361,鴻友,上市,7.25,1.45,18.3,電腦及週邊設備業,陳文聰
1548,6291,沛亨,上櫃,2.61,1.02,11.3,半導體業,李明儒
